# Inventory-claim baseline (scripts/header_inventory_claim_ratchet.py, Issue #4980).
#
# A HIGH-WATER MARK, NOT AN ALLOWLIST.  An entry records that the claim existed
# on the commit this file was pinned at; it never says the claim is acceptable.
# There is no exemption channel and no way to mark a finding fine: the only
# legal edit is downward, produced by `--baseline` after real prose was fixed.
#
# Two upward corrections are on the record, and they are the only kind that can
# ever be legitimate -- the detector was undercounting the tree, so the pin was
# an undercount of a population that was always there.  No prose was written and
# no repair was made in either.  A repair campaign must never raise this file,
# and any future increase needs a public reason of exactly this shape.
#
#   713 -> 740   `NARROW_CHILD`'s anchor gained the `re.IGNORECASE` flag every
#                other anchor already carried; 27 lowercase occurrences became
#                visible to a detector that had been blind to them.
#   740 -> 1391  the `accounted` bucket was retired.  `RELOCATION` charges on its
#                anchor now, because "now lives in X" is itself the ownership
#                claim (+648, of which 647 were recognized and free); the scan
#                took in `IsingModel.lean`, `README.md` and the rest of `docs/`
#                (+2); and the clause window went from 70 to 200 characters (+1),
#                which also resolved 274 relocation subjects that had been pinned
#                only by their destination.
#
# Multiset keyed (class, target, token): a key that is absent here, or present
# with a smaller count than the tree now holds, fails the gate.  One fix
# therefore cannot pay for one regression -- there is no scalar to offset.
#
# Pinned deliberately BEFORE any repair, so every later repair PR is measured
# against a commitment that already exists on main rather than against a number
# it computed for itself.  That is enforced, not merely intended:
# `--check-baseline-drift` compares this file against the copy on the base
# branch and requires the diff to explain every movement -- no key may grow (B1),
# a key may only shrink where the diff edits the source it names (B2), and the
# pin must be tight against the tree (B3).  Regenerating this file therefore no
# longer launders a claim: `--check` would pass, the drift check would not.
#
# A recount under a corrected detector -- the 713 -> 740 shape above -- is the
# one movement no prose edit explains that can still be legitimate.  Declaring it
# takes a whole line of this file, added by the same diff, reading exactly
# `# DETECTOR-MIGRATION: <reason>`.  The declaration is a precondition and not an
# authorization: what it buys is computed, not granted.  BOTH detectors are run
# on a checkout of the BASE COMMIT, and B1 is relaxed per key by the excess of
# this detector over that one THERE -- on prose that already existed.  Prose the
# diff writes is not in that tree, so widening the grammar and writing a claim in
# the newly recognized shape cannot pay for itself; and a key whose file this
# diff edits earns nothing at all.  A detector edit that changes no logic
# (comments, docstrings) buys nothing, and B2/B3 are never waived.
#
# columns: class<TAB>target<TAB>token<TAB>count

MISSING_MODULE_DOC	IsingModel	-	1
MISSING_MODULE_DOC	IsingModel.AmbientLattice.Defs.HighTempPartition.ClassicalSummary	-	1
MISSING_MODULE_DOC	IsingModel.AmbientLattice.Defs.HighTempPartition.Deviation	-	1
MISSING_MODULE_DOC	IsingModel.AmbientLattice.Defs.HighTempPartition.ExpBounds	-	1
MISSING_MODULE_DOC	IsingModel.AmbientLattice.Defs.HighTempPartition.ExpSummary	-	1
MISSING_MODULE_DOC	IsingModel.AmbientLattice.Defs.HighTempPartition.Ratios	-	1
MISSING_MODULE_DOC	IsingModel.AmbientLattice.Defs.HighTempPartition.TripleRatios	-	1
MISSING_MODULE_DOC	IsingModel.AmbientLatticeSum.InfiniteBounds	-	1
MISSING_MODULE_DOC	IsingModel.AmbientLatticeSum.InfiniteHighTemp	-	1
MISSING_MODULE_DOC	IsingModel.AmbientLatticeSum.SuperadditiveConvergence	-	1
MISSING_MODULE_DOC	IsingModel.ClusterExpansion.GeometricFiberSum	-	1
MISSING_MODULE_DOC	IsingModel.ClusterExpansion.MayerSumDiffSupportBound	-	1
MISSING_MODULE_DOC	IsingModel.ClusterExpansion.MayerSumDiffSupportBoundComplex	-	1
MISSING_MODULE_DOC	IsingModel.Concrete.LatticeGraphCorrelation.BaseApply	-	1
MISSING_MODULE_DOC	IsingModel.Concrete.LatticeGraphCorrelation.BaseCorrelationAlongExBounds	-	1
MISSING_MODULE_DOC	IsingModel.Concrete.LatticeGraphCorrelation.BaseMonotoneAmbientSubgraph	-	1
MISSING_MODULE_DOC	IsingModel.Concrete.LatticeGraphCorrelation.BaseSpontaneousCorrelation	-	1
MISSING_MODULE_DOC	IsingModel.Concrete.LatticeGraphCorrelation.Lemma_17_5_2.UnconditionalProfileLower	-	1
MISSING_MODULE_DOC	IsingModel.Concrete.LatticeGraphCorrelation.TwoPointFunctionTrivialSlices	-	1
MISSING_MODULE_DOC	IsingModel.Concrete.LatticeGraphCorrelation.TwoPointMagnetizationMonotone	-	1
MISSING_MODULE_DOC	IsingModel.Concrete.LatticeGraphCorrelation.TwoPointTruncatedTrivialSlices	-	1
MISSING_MODULE_DOC	IsingModel.Concrete.LinearBrick.Monotone	-	1
MISSING_MODULE_DOC	IsingModel.Concrete.StripeBrick2D.Monotone	-	1
MISSING_MODULE_DOC	IsingModel.RandomCurrent.BoundedExpansion.FiniteSums.ASourceSpinSums	-	1
MISSING_MODULE_DOC	IsingModel.RandomCurrent.BoundedExpansion.FiniteSums.DegreeProducts	-	1
MISSING_MODULE_DOC	IsingModel.RandomCurrent.BoundedExpansion.FiniteSums.EdgeFinsetBasic	-	1
MISSING_MODULE_DOC	IsingModel.RandomCurrent.BoundedExpansion.FiniteSums.EdgeFinsetParity	-	1
MISSING_MODULE_DOC	IsingModel.RandomCurrent.BoundedExpansion.FiniteSums.SourceFreeSpinSums	-	1
MISSING_MODULE_DOC	IsingModel.RandomCurrent.BoundedExpansion.FiniteSums.SpinSums	-	1
MISSING_MODULE_DOC	IsingModel.RandomCurrent.BoundedExpansion.FiniteSums.WeightZero	-	1
MISSING_MODULE_DOC	IsingModel.RandomCurrent.Switching.PairClosedForms	-	1
MISSING_MODULE_DOC	IsingModel.RandomCurrent.Switching.PairFinset	-	1
MISSING_MODULE_DOC	IsingModel.RandomCurrent.Switching.SourceFilters	-	1
MISSING_MODULE_DOC	IsingModel.RandomCurrent.Switching.SupportGraph	-	1
MISSING_MODULE_DOC	IsingModel.RandomCurrent.Switching.SwitchingIdentities	-	1
MISSING_MODULE_DOC	IsingModel.TranslationInvariance.ConfigEquiv	-	1
MISSING_MODULE_DOC	IsingModel.TranslationInvariance.FiniteVolume	-	1
MISSING_MODULE_DOC	IsingModel.TranslationInvariance.InfiniteCorrelation	-	1
NARROW_CHILD	IsingModel.AmbientLattice.Analyticity	-	1
NARROW_CHILD	IsingModel.AmbientLattice.AnalyticityLambdaBasicIdentities	17	1
NARROW_CHILD	IsingModel.AmbientLattice.AnalyticityLambdaCapstones	11	1
NARROW_CHILD	IsingModel.AmbientLattice.AnalyticityLambdaEpsilonIff	16	1
NARROW_CHILD	IsingModel.AmbientLattice.AnalyticityLambdaJoint	10	1
NARROW_CHILD	IsingModel.AmbientLattice.AnalyticityLambdaMagSuscep	14	1
NARROW_CHILD	IsingModel.AmbientLattice.AnalyticityLambdaMayer	23	1
NARROW_CHILD	IsingModel.AmbientLattice.AnalyticityLambdaMayerIdentity	19	1
NARROW_CHILD	IsingModel.AmbientLattice.AnalyticityLambdaMayerPfeEdgeBounds	17	1
NARROW_CHILD	IsingModel.AmbientLattice.AnalyticityLambdaMayerRecurrenceEpsilon	12	1
NARROW_CHILD	IsingModel.AmbientLattice.AnalyticityLambdaPerDirection	6	1
NARROW_CHILD	IsingModel.AmbientLattice.AnalyticityLambdaPfeSharpening	21	1
NARROW_CHILD	IsingModel.AmbientLattice.AnalyticityLambdaPolymer	16	1
NARROW_CHILD	IsingModel.AmbientLattice.AnalyticityLambdaPolymerBounds	12	1
NARROW_CHILD	IsingModel.AmbientLattice.AnalyticityLambdaRegularity	10	1
NARROW_CHILD	IsingModel.AmbientLattice.AnalyticityLambdaSandwich	10	1
NARROW_CHILD	IsingModel.AmbientLattice.AnalyticityLambdaSection186	23	1
NARROW_CHILD	IsingModel.AmbientLattice.AnalyticityLambdaTanhFerroIff	9	1
NARROW_CHILD	IsingModel.AmbientLattice.AnalyticityLambdaVdPolymer	14	1
NARROW_CHILD	IsingModel.AmbientLattice.BetaDerivativeFieldJ	6	1
NARROW_CHILD	IsingModel.AmbientLattice.BetaDerivativeMagnetization	2	1
NARROW_CHILD	IsingModel.AmbientLattice.BetaDerivativePartitionSusc	4	1
NARROW_CHILD	IsingModel.AmbientLattice.SpecialCases.FreeEnergyHSymmetry	2	1
NARROW_CHILD	IsingModel.AmbientLattice.SpecialCases.FreeEnergyHighTempExp	2	1
NARROW_CHILD	IsingModel.AmbientLattice.SpecialCases.FreeEnergyTrivialSlices	6	1
NARROW_CHILD	IsingModel.AmbientLattice.SpecialCases.FreeEnergyTrivialSlicesInfinite	2	1
NARROW_CHILD	IsingModel.AmbientLattice.SpecialCases.FreeEnergyTrivialSlicesJZero	2	1
NARROW_CHILD	IsingModel.AmbientLattice.SpecialCases.HighTemperatureBoundsCorrelationBasic	16	1
NARROW_CHILD	IsingModel.AmbientLattice.SpecialCases.HighTemperatureBoundsCorrelationBasicPair	4	1
NARROW_CHILD	IsingModel.AmbientLattice.SpecialCases.HighTemperatureBoundsCorrelationBasicPairBase	2	1
NARROW_CHILD	IsingModel.AmbientLattice.SpecialCases.HighTemperatureBoundsCorrelationBasicPairTrivial	2	1
NARROW_CHILD	IsingModel.AmbientLattice.SpecialCases.HighTemperatureBoundsCorrelationBasicSingleton	4	1
NARROW_CHILD	IsingModel.AmbientLattice.SpecialCases.HighTemperatureBoundsCorrelationBasicSingletonTrivial	2	1
NARROW_CHILD	IsingModel.AmbientLattice.SpecialCases.HighTemperatureBoundsDecayCapstones	11	1
NARROW_CHILD	IsingModel.AmbientLattice.SpecialCases.HighTemperatureBoundsDecayCapstonesAlpha	3	1
NARROW_CHILD	IsingModel.AmbientLattice.SpecialCases.HighTemperatureBoundsDecayCapstonesDist	6	1
NARROW_CHILD	IsingModel.AmbientLattice.SpecialCases.HighTemperatureBoundsDecayCapstonesEdge	2	1
NARROW_CHILD	IsingModel.AmbientLattice.SpecialCases.HighTemperatureBoundsDeviationContinuityTrivial	2	1
NARROW_CHILD	IsingModel.AmbientLattice.SpecialCases.HighTemperatureBoundsDeviationFerro	3	1
NARROW_CHILD	IsingModel.AmbientLattice.SpecialCases.HighTemperatureBoundsDeviationStrict	10	1
NARROW_CHILD	IsingModel.AmbientLattice.SpecialCases.HighTemperatureBoundsDeviationStrictFerro	4	1
NARROW_CHILD	IsingModel.AmbientLattice.SpecialCases.HighTemperatureBoundsDeviationStrictFerroZ	2	1
NARROW_CHILD	IsingModel.AmbientLattice.SpecialCases.HighTemperatureBoundsDeviationStrictZ	2	1
NARROW_CHILD	IsingModel.AmbientLattice.SpecialCases.HighTemperatureBoundsExpSharperComplete	6	1
NARROW_CHILD	IsingModel.AmbientLattice.SpecialCases.HighTemperatureBoundsExpSharperCompleteFerro	3	1
NARROW_CHILD	IsingModel.AmbientLattice.SpecialCases.HighTemperatureBoundsExpSharperFerro	3	1
NARROW_CHILD	IsingModel.AmbientLattice.SpecialCases.HighTemperatureBoundsExpSharperSandwichFerro	2	1
NARROW_CHILD	IsingModel.AmbientLattice.SpecialCases.HighTemperatureBoundsExpansionClosed	3	1
NARROW_CHILD	IsingModel.AmbientLattice.SpecialCases.HighTemperatureBoundsExpansionClosedCorrelation	2	1
NARROW_CHILD	IsingModel.AmbientLattice.SpecialCases.HighTemperatureBoundsExpansionClosedForms	8	1
NARROW_CHILD	IsingModel.AmbientLattice.SpecialCases.HighTemperatureBoundsExpansionClosedSlices	2	1
NARROW_CHILD	IsingModel.AmbientLattice.SpecialCases.HighTemperatureBoundsExpansionLowerUpperConsistency	2	1
NARROW_CHILD	IsingModel.AmbientLattice.SpecialCases.HighTemperatureBoundsExpansionLowerUpperFE	2	1
NARROW_CHILD	IsingModel.AmbientLattice.SpecialCases.HighTemperatureBoundsExpansionVariants	4	1
NARROW_CHILD	IsingModel.AmbientLattice.SpecialCases.HighTemperatureBoundsExpansionVariantsGeneralH	2	1
NARROW_CHILD	IsingModel.AmbientLattice.SpecialCases.HighTemperatureBoundsRatioBoundsBound	6	1
NARROW_CHILD	IsingModel.AmbientLattice.SpecialCases.HighTemperatureBoundsRatioBoundsBoundOnly	2	1
NARROW_CHILD	IsingModel.AmbientLattice.SpecialCases.HighTemperatureBoundsRatioBoundsBoundOnlyFerro	2	1
NARROW_CHILD	IsingModel.AmbientLattice.SpecialCases.HighTemperatureBoundsRatioBoundsSingletons	2	1
NARROW_CHILD	IsingModel.AmbientLattice.SpecialCases.HighTemperatureBoundsRatioLogFe	12	1
NARROW_CHILD	IsingModel.AmbientLattice.SpecialCases.HighTemperatureBoundsRatioLogFeFreeEnergyBoundOnly	2	1
NARROW_CHILD	IsingModel.AmbientLattice.SpecialCases.HighTemperatureBoundsRatioLogFeFreeEnergyBoundOnlyFerro	2	1
NARROW_CHILD	IsingModel.AmbientLattice.SpecialCases.HighTemperatureBoundsRatioLogFeNonempty	2	1
NARROW_CHILD	IsingModel.AmbientLattice.SpecialCases.HighTemperatureBoundsTripleRatio	2	1
NARROW_CHILD	IsingModel.AmbientLattice.SpecialCases.HighTemperatureCapstonesFreeEnergy	2	1
NARROW_CHILD	IsingModel.AmbientLattice.SpecialCases.HighTemperatureCapstonesPartition	2	1
NARROW_CHILD	IsingModel.AmbientLattice.SpecialCases.HighTemperatureTanh	4	1
NARROW_CHILD	IsingModel.AmbientLattice.SpecialCases.HighTemperatureTanhFerro	2	1
NARROW_CHILD	IsingModel.AmbientLattice.SpecialCases.HighTemperatureVdSandwichFE	4	1
NARROW_CHILD	IsingModel.AmbientLattice.SpecialCases.HighTemperatureVdSandwichFEFerro	2	1
NARROW_CHILD	IsingModel.AmbientLattice.SpecialCases.HighTemperatureVdSandwichFreeEnergy	2	1
NARROW_CHILD	IsingModel.AmbientLattice.SpecialCases.InfiniteVolumeTruncated4	2	1
NARROW_CHILD	IsingModel.AmbientLattice.SpecialCases.JointAnalyticityFreeEnergy	2	1
NARROW_CHILD	IsingModel.AmbientLattice.SpecialCases.JointAnalyticityMagnetization	2	1
NARROW_CHILD	IsingModel.AmbientLattice.SpecialCases.JointAnalyticityPartitionFreeEnergy	2	1
NARROW_CHILD	IsingModel.AmbientLattice.SpecialCases.JointAnalyticitySusceptibility	2	1
NARROW_CHILD	IsingModel.AmbientLattice.SpecialCases.JointRegularityAt	3	1
NARROW_CHILD	IsingModel.AmbientLattice.SpecialCases.JointRegularityAtDifferentiableAt	2	1
NARROW_CHILD	IsingModel.AmbientLattice.SpecialCases.JointRegularityDifferentiable	2	1
NARROW_CHILD	IsingModel.AmbientLattice.SpecialCases.MayerEdgeCases	-	1
NARROW_CHILD	IsingModel.AmbientLattice.SpecialCases.MayerEpsilonInfrastructureVdSum	2	1
NARROW_CHILD	IsingModel.AmbientLattice.SpecialCases.MayerExpansionEdgeCasesTwo	2	1
NARROW_CHILD	IsingModel.AmbientLattice.SpecialCases.MayerVdRegularityDifferentiable	2	1
NARROW_CHILD	IsingModel.AmbientLattice.SpecialCases.MayerVdRegularityTanh	8	1
NARROW_CHILD	IsingModel.AmbientLattice.SpecialCases.MayerVdRegularityTanhDifferentiable	2	1
NARROW_CHILD	IsingModel.AmbientLattice.SpecialCases.MayerVdRegularityTanhExpansionTerm	4	1
NARROW_CHILD	IsingModel.AmbientLattice.SpecialCases.MayerVdRegularityTanhExpansionTermDifferentiable	2	1
NARROW_CHILD	IsingModel.AmbientLattice.SpecialCases.MayerVdRegularityVdPolymer	7	1
NARROW_CHILD	IsingModel.AmbientLattice.SpecialCases.MayerVdRegularityVdPolymerTanh	4	1
NARROW_CHILD	IsingModel.AmbientLattice.SpecialCases.MayerVdRegularityVdPolymerTanhDifferentiable	2	1
NARROW_CHILD	IsingModel.AmbientLattice.SpecialCases.PartitionFreeEnergyPointwiseRegularityFE	8	1
NARROW_CHILD	IsingModel.AmbientLattice.SpecialCases.PartitionFreeEnergyPointwiseRegularityFENonJoint	3	1
NARROW_CHILD	IsingModel.AmbientLattice.SpecialCases.PartitionFreeEnergyPointwiseRegularityFENonJointDifferentiableAt	2	1
NARROW_CHILD	IsingModel.AmbientLattice.SpecialCases.PartitionFreeEnergyPointwiseRegularityHZero	4	1
NARROW_CHILD	IsingModel.AmbientLattice.SpecialCases.PartitionFreeEnergyPointwiseRegularityHZeroDifferentiableAt	2	1
NARROW_CHILD	IsingModel.AmbientLattice.SpecialCases.PartitionFreeEnergyPointwiseRegularityJoint	2	1
NARROW_CHILD	IsingModel.AmbientLattice.SpecialCases.PartitionFreeEnergyPointwiseRegularityPartitionGeneralH	4	1
NARROW_CHILD	IsingModel.AmbientLattice.SpecialCases.PartitionFreeEnergyPointwiseRegularityPartitionGeneralHDifferentiableAt	2	1
NARROW_CHILD	IsingModel.AmbientLattice.SpecialCases.PartitionFreeEnergyRegularityDifferentiable	2	1
NARROW_CHILD	IsingModel.AmbientLattice.SpecialCases.PartitionFreeEnergyRegularityFE	3	1
NARROW_CHILD	IsingModel.AmbientLattice.SpecialCases.PartitionFreeEnergyRegularityFEDifferentiable	3	1
NARROW_CHILD	IsingModel.AmbientLattice.SpecialCases.PartitionFunctionClosedFormsPartition	2	1
NARROW_CHILD	IsingModel.AmbientLattice.SpecialCases.PolymerFreeEnergyAnalyticityTanh	2	1
NARROW_CHILD	IsingModel.AmbientLattice.SpecialCases.PolymerFreeEnergyAnalyticityTanhOnNhd	2	1
NARROW_CHILD	IsingModel.AmbientLattice.SpecialCases.PolymerFreeEnergyBoundsEdgeCases	2	1
NARROW_CHILD	IsingModel.AmbientLattice.SpecialCases.PolymerFreeEnergyBoundsNonneg	2	1
NARROW_CHILD	IsingModel.AmbientLattice.SpecialCases.PolymerFreeEnergyBoundsRegularity	4	1
NARROW_CHILD	IsingModel.AmbientLattice.SpecialCases.PolymerFreeEnergyBoundsRegularityOn	2	1
NARROW_CHILD	IsingModel.AmbientLattice.SpecialCases.PolymerFreeEnergyBoundsTanh	4	1
NARROW_CHILD	IsingModel.AmbientLattice.SpecialCases.PolymerFreeEnergyBoundsTanhLogTwo	2	1
NARROW_CHILD	IsingModel.AmbientLattice.SpecialCases.PolymerFreeEnergyEpsilonSharpeningPFE	3	1
NARROW_CHILD	IsingModel.AmbientLattice.SpecialCases.PolymerFreeEnergyHighTemperatureBoundsTanh	2	1
NARROW_CHILD	IsingModel.AmbientLattice.SpecialCases.PolymerFreeEnergyTanhBoundsFerro	2	1
NARROW_CHILD	IsingModel.AmbientLattice.SpecialCases.PolymerFreeEnergyTanhSharpeningIff	5	1
NARROW_CHILD	IsingModel.AmbientLattice.SpecialCases.PolymerFreeEnergyTanhSharpeningIffEpsPos	2	1
NARROW_CHILD	IsingModel.AmbientLattice.SpecialCases.PolymerFreeEnergyTanhSharpeningStrictMono	2	1
NARROW_CHILD	IsingModel.AmbientLattice.SpecialCases.SusceptibilityPointwiseRegularityAt	3	1
NARROW_CHILD	IsingModel.AmbientLattice.SpecialCases.SusceptibilityPointwiseRegularityAtDifferentiableAt	3	1
NARROW_CHILD	IsingModel.AmbientLattice.SpecialCases.SusceptibilityPointwiseRegularityDifferentiable	2	1
NARROW_CHILD	IsingModel.AmbientLattice.SpecialCases.VdPolymerFamiliesAnalyticityLog	4	1
NARROW_CHILD	IsingModel.AmbientLattice.SpecialCases.VdPolymerFamiliesAnalyticityLogTanh	2	1
NARROW_CHILD	IsingModel.AmbientLattice.SpecialCases.VdPolymerFamiliesAnalyticityTanh	2	1
NARROW_CHILD	IsingModel.AmbientLatticeSumFInfHSymMono	6	1
NARROW_CHILD	IsingModel.AmbientLatticeSumGeFerromagnetic	12	1
NARROW_CHILD	IsingModel.AmbientLatticeSumLogZ	14	1
NARROW_CHILD	IsingModel.Concrete.LatticeGraphCorrelation.BaseApply	5	1
NARROW_CHILD	IsingModel.Concrete.LatticeGraphCorrelation.BaseCorrelationAlongEx	7	1
NARROW_CHILD	IsingModel.Concrete.LatticeGraphCorrelation.BaseCorrelationAlongExBounds	4	1
NARROW_CHILD	IsingModel.Concrete.LatticeGraphCorrelation.BaseCorrelationAlongExSubsetMono	3	1
NARROW_CHILD	IsingModel.Concrete.LatticeGraphCorrelation.BaseCorrelationBounds	4	1
NARROW_CHILD	IsingModel.Concrete.LatticeGraphCorrelation.BaseMonotoneAmbientSubgraph	4	1
NARROW_CHILD	IsingModel.Concrete.LatticeGraphCorrelation.BaseSpontaneousCorrelation	2	1
NARROW_CHILD	IsingModel.Concrete.LatticeGraphCorrelation.ComplexAnalyticityBasicFreeEnergySingle	3	1
NARROW_CHILD	IsingModel.Concrete.LatticeGraphCorrelation.ComplexAnalyticityBasicPartitionSingle	3	1
NARROW_CHILD	IsingModel.Concrete.LatticeGraphCorrelation.ComplexAnalyticityBasicReal	4	1
NARROW_CHILD	IsingModel.Concrete.LatticeGraphCorrelation.ComplexBranchEntireContinuity	3	1
NARROW_CHILD	IsingModel.Concrete.LatticeGraphCorrelation.ComplexBranchEntirePartition	4	1
NARROW_CHILD	IsingModel.Concrete.LatticeGraphCorrelation.ComplexBranchesFreeEnergyBall	2	1
NARROW_CHILD	IsingModel.Concrete.LatticeGraphCorrelation.ComplexBranchesLogZ	4	1
NARROW_CHILD	IsingModel.Concrete.LatticeGraphCorrelation.ComplexContinuityNormContinuous	4	1
NARROW_CHILD	IsingModel.Concrete.LatticeGraphCorrelation.ComplexContinuityNormFreeEnergyLeeYang	3	1
NARROW_CHILD	IsingModel.Concrete.LatticeGraphCorrelation.ComplexContinuityNormNorm	4	1
NARROW_CHILD	IsingModel.Concrete.LatticeGraphCorrelation.ComplexIsingPolyFactorization	3	1
NARROW_CHILD	IsingModel.Concrete.LatticeGraphCorrelation.ComplexIsingPolyLeeYangAndLogZ	4	1
NARROW_CHILD	IsingModel.Concrete.LatticeGraphCorrelation.ComplexRealCompatAtReal	10	1
NARROW_CHILD	IsingModel.Concrete.LatticeGraphCorrelation.ComplexRealCompatAtRealImZero	5	1
NARROW_CHILD	IsingModel.Concrete.LatticeGraphCorrelation.ComplexRealCompatLeeYangDomain	3	1
NARROW_CHILD	IsingModel.Concrete.LatticeGraphCorrelation.ComplexRealCompatLeeYangSubdomain	4	1
NARROW_CHILD	IsingModel.Concrete.LatticeGraphCorrelation.ComplexRestrictionsFreeEnergyRealCoe	3	1
NARROW_CHILD	IsingModel.Concrete.LatticeGraphCorrelation.ComplexRestrictionsLeeYangIsOpen	4	1
NARROW_CHILD	IsingModel.Concrete.LatticeGraphCorrelation.ComplexRestrictionsRealParams	3	1
NARROW_CHILD	IsingModel.Concrete.LatticeGraphCorrelation.ComplexRestrictionsRestrict	4	1
NARROW_CHILD	IsingModel.Concrete.LatticeGraphCorrelation.ComplexSlitPlaneJointLocus	4	1
NARROW_CHILD	IsingModel.Concrete.LatticeGraphCorrelation.ComplexSlitPlaneLocusOn	3	1
NARROW_CHILD	IsingModel.Concrete.LatticeGraphCorrelation.ComplexSlitPlaneLogZBranch	5	1
NARROW_CHILD	IsingModel.Concrete.LatticeGraphCorrelation.CorrelationDecayClusterProperty	3	1
NARROW_CHILD	IsingModel.Concrete.LatticeGraphCorrelation.CorrelationExhaustionLimitsAlongExhaustion	4	1
NARROW_CHILD	IsingModel.Concrete.LatticeGraphCorrelation.CorrelationExhaustionLimitsBounds	6	1
NARROW_CHILD	IsingModel.Concrete.LatticeGraphCorrelation.CorrelationExhaustionLimitsBoundsCubic	4	1
NARROW_CHILD	IsingModel.Concrete.LatticeGraphCorrelation.CorrelationExhaustionLimitsCubicMonotone	3	1
NARROW_CHILD	IsingModel.Concrete.LatticeGraphCorrelation.CorrelationSymmetrySusceptibility	4	1
NARROW_CHILD	IsingModel.Concrete.LatticeGraphCorrelation.CorrelationSymmetryTruncatedNegH	3	1
NARROW_CHILD	IsingModel.Concrete.LatticeGraphCorrelation.CubicPseudoMassBasicIff	6	1
NARROW_CHILD	IsingModel.Concrete.LatticeGraphCorrelation.CubicPseudoMassBasicIffStrict	3	1
NARROW_CHILD	IsingModel.Concrete.LatticeGraphCorrelation.CubicPseudoMassClusterSummabilitySummable	5	1
NARROW_CHILD	IsingModel.Concrete.LatticeGraphCorrelation.CubicPseudoMassNamedRateCorr	17	1
NARROW_CHILD	IsingModel.Concrete.LatticeGraphCorrelation.CubicPseudoMassNamedRateCorrDecay	5	1
NARROW_CHILD	IsingModel.Concrete.LatticeGraphCorrelation.CubicPseudoMassNamedRateCorrENNReal	3	1
NARROW_CHILD	IsingModel.Concrete.LatticeGraphCorrelation.CubicPseudoMassNamedRateCorrMem	3	1
NARROW_CHILD	IsingModel.Concrete.LatticeGraphCorrelation.CubicPseudoMassNamedRateCorrPos	3	1
NARROW_CHILD	IsingModel.Concrete.LatticeGraphCorrelation.CubicPseudoMassNamedRateCubicCorrMem	5	1
NARROW_CHILD	IsingModel.Concrete.LatticeGraphCorrelation.CubicPseudoMassNamedRateLatticeMass	2	1
NARROW_CHILD	IsingModel.Concrete.LatticeGraphCorrelation.CubicPseudoMassNamedRateLeHighTempRate	6	1
NARROW_CHILD	IsingModel.Concrete.LatticeGraphCorrelation.CubicPseudoMassNamedRateLeHighTempRatePos	3	1
NARROW_CHILD	IsingModel.Concrete.LatticeGraphCorrelation.CubicPseudoMassNamedRatePos	4	1
NARROW_CHILD	IsingModel.Concrete.LatticeGraphCorrelation.CubicPseudoMassTanhProfileCubicPair	4	1
NARROW_CHILD	IsingModel.Concrete.LatticeGraphCorrelation.CubicPseudoMassTanhProfileLatticeMass	5	1
NARROW_CHILD	IsingModel.Concrete.LatticeGraphCorrelation.EnergyClosedFormsHamiltonian	5	1
NARROW_CHILD	IsingModel.Concrete.LatticeGraphCorrelation.EnergyClosedFormsPartitionBounds	3	1
NARROW_CHILD	IsingModel.Concrete.LatticeGraphCorrelation.EnergyClosedFormsSpinProductAndBot	5	1
NARROW_CHILD	IsingModel.Concrete.LatticeGraphCorrelation.FiniteVolumeBasicsHamiltonian	5	1
NARROW_CHILD	IsingModel.Concrete.LatticeGraphCorrelation.FiniteVolumeBasicsSpin	4	1
NARROW_CHILD	IsingModel.Concrete.LatticeGraphCorrelation.FiniteVolumeBasicsWalsh	5	1
NARROW_CHILD	IsingModel.Concrete.LatticeGraphCorrelation.FiniteVolumeCorrelationInequalitiesTrivialSlice	4	1
NARROW_CHILD	IsingModel.Concrete.LatticeGraphCorrelation.FiniteVolumeCorrelationInequalitiesTruncated4	3	1
NARROW_CHILD	IsingModel.Concrete.LatticeGraphCorrelation.FiniteVolumeCorrelationMonotonicityConvergent	3	1
NARROW_CHILD	IsingModel.Concrete.LatticeGraphCorrelation.FiniteVolumeCorrelationMonotonicityMonotone	3	1
NARROW_CHILD	IsingModel.Concrete.LatticeGraphCorrelation.FiniteVolumeEnergyBoundsPartition	3	1
NARROW_CHILD	IsingModel.Concrete.LatticeGraphCorrelation.FiniteVolumePartitionBoundsFerromagnetic	3	1
NARROW_CHILD	IsingModel.Concrete.LatticeGraphCorrelation.FiniteVolumePartitionBoundsFerromagneticPow	4	1
NARROW_CHILD	IsingModel.Concrete.LatticeGraphCorrelation.FiniteVolumePartitionMonotone	3	1
NARROW_CHILD	IsingModel.Concrete.LatticeGraphCorrelation.FreeEnergyAnalyticityAlongExOnNhdGeneralH	3	1
NARROW_CHILD	IsingModel.Concrete.LatticeGraphCorrelation.FreeEnergySpecialCasesAlongExTrivialSlice	3	1
NARROW_CHILD	IsingModel.Concrete.LatticeGraphCorrelation.FreeEnergySpecialCasesLambda	12	1
NARROW_CHILD	IsingModel.Concrete.LatticeGraphCorrelation.FreeEnergySpecialCasesLambdaAbsH	3	1
NARROW_CHILD	IsingModel.Concrete.LatticeGraphCorrelation.FreeEnergySpecialCasesLambdaClosedForms	3	1
NARROW_CHILD	IsingModel.Concrete.LatticeGraphCorrelation.FreeEnergySpecialCasesLambdaMonotone	3	1
NARROW_CHILD	IsingModel.Concrete.LatticeGraphCorrelation.HighTemperatureAlongEx	4	1
NARROW_CHILD	IsingModel.Concrete.LatticeGraphCorrelation.HighTemperatureBoundsAlongExBasicCorrelationBounds	2	1
NARROW_CHILD	IsingModel.Concrete.LatticeGraphCorrelation.HighTemperatureBoundsAlongExBasicTrivial	6	1
NARROW_CHILD	IsingModel.Concrete.LatticeGraphCorrelation.HighTemperatureBoundsAlongExBasicTrivialSlices	4	1
NARROW_CHILD	IsingModel.Concrete.LatticeGraphCorrelation.HighTemperatureBoundsAlongExClosedLower	4	1
NARROW_CHILD	IsingModel.Concrete.LatticeGraphCorrelation.HighTemperatureBoundsAlongExCompleteSummary	4	1
NARROW_CHILD	IsingModel.Concrete.LatticeGraphCorrelation.HighTemperatureBoundsAlongExDeviationContinuity	4	1
NARROW_CHILD	IsingModel.Concrete.LatticeGraphCorrelation.HighTemperatureBoundsAlongExDeviationPos	4	1
NARROW_CHILD	IsingModel.Concrete.LatticeGraphCorrelation.HighTemperatureBoundsAlongExDeviationSandwich	4	1
NARROW_CHILD	IsingModel.Concrete.LatticeGraphCorrelation.HighTemperatureBoundsAlongExExpSharperCompleteSummary	6	1
NARROW_CHILD	IsingModel.Concrete.LatticeGraphCorrelation.HighTemperatureBoundsAlongExExpSharperCompleteSummaryFerro	3	1
NARROW_CHILD	IsingModel.Concrete.LatticeGraphCorrelation.HighTemperatureBoundsAlongExExpSharperSandwich	4	1
NARROW_CHILD	IsingModel.Concrete.LatticeGraphCorrelation.HighTemperatureBoundsAlongExRatioBoundBundle	2	1
NARROW_CHILD	IsingModel.Concrete.LatticeGraphCorrelation.HighTemperatureBoundsAlongExRatioBoundSlices	4	1
NARROW_CHILD	IsingModel.Concrete.LatticeGraphCorrelation.HighTemperatureBoundsAlongExRatioLogFeBound	4	1
NARROW_CHILD	IsingModel.Concrete.LatticeGraphCorrelation.HighTemperatureBoundsAlongExRatioSandwichBundle	2	1
NARROW_CHILD	IsingModel.Concrete.LatticeGraphCorrelation.HighTemperatureBoundsAlongExRelativeSandwich	2	1
NARROW_CHILD	IsingModel.Concrete.LatticeGraphCorrelation.HighTemperatureBoundsAlongExStrictDeviation	remaining	1
NARROW_CHILD	IsingModel.Concrete.LatticeGraphCorrelation.HighTemperatureBoundsAlongExSubset	4	1
NARROW_CHILD	IsingModel.Concrete.LatticeGraphCorrelation.HighTemperatureBoundsAlongExhaustionBasicPairPositive	2	1
NARROW_CHILD	IsingModel.Concrete.LatticeGraphCorrelation.HighTemperatureBoundsAlongExhaustionExpSharperFerro	3	1
NARROW_CHILD	IsingModel.Concrete.LatticeGraphCorrelation.HighTemperatureBoundsAlongExhaustionRatioLogFe	12	1
NARROW_CHILD	IsingModel.Concrete.LatticeGraphCorrelation.HighTemperatureBoundsAlongExhaustionRatioLogFeDeviation	2	1
NARROW_CHILD	IsingModel.Concrete.LatticeGraphCorrelation.HighTemperatureBoundsAlongExhaustionTripleRatio	4	1
NARROW_CHILD	IsingModel.Concrete.LatticeGraphCorrelation.HighTemperatureBoundsCorrelationBasicBundles	4	1
NARROW_CHILD	IsingModel.Concrete.LatticeGraphCorrelation.HighTemperatureBoundsCorrelationBasicTrivialSlices	4	1
NARROW_CHILD	IsingModel.Concrete.LatticeGraphCorrelation.HighTemperatureBoundsCorrelationPair	8	1
NARROW_CHILD	IsingModel.Concrete.LatticeGraphCorrelation.HighTemperatureBoundsCorrelationPairCorollaries	4	1
NARROW_CHILD	IsingModel.Concrete.LatticeGraphCorrelation.HighTemperatureBoundsDecayAlphaDist	6	1
NARROW_CHILD	IsingModel.Concrete.LatticeGraphCorrelation.HighTemperatureBoundsDecayAlphaDistAlongEx	3	1
NARROW_CHILD	IsingModel.Concrete.LatticeGraphCorrelation.HighTemperatureBoundsDecayCapstonesExpRate	4	1
NARROW_CHILD	IsingModel.Concrete.LatticeGraphCorrelation.HighTemperatureBoundsDecayCapstonesHighTempExpRate	2	1
NARROW_CHILD	IsingModel.Concrete.LatticeGraphCorrelation.HighTemperatureBoundsDeviationContinuity	2	1
NARROW_CHILD	IsingModel.Concrete.LatticeGraphCorrelation.HighTemperatureBoundsDeviationRelative	2	1
NARROW_CHILD	IsingModel.Concrete.LatticeGraphCorrelation.HighTemperatureBoundsDeviationStrict	6	1
NARROW_CHILD	IsingModel.Concrete.LatticeGraphCorrelation.HighTemperatureBoundsDeviationStrictFerro	2	1
NARROW_CHILD	IsingModel.Concrete.LatticeGraphCorrelation.HighTemperatureBoundsExpSharperCompleteSummary	6	1
NARROW_CHILD	IsingModel.Concrete.LatticeGraphCorrelation.HighTemperatureBoundsExpSharperCompleteSummaryFerro	3	1
NARROW_CHILD	IsingModel.Concrete.LatticeGraphCorrelation.HighTemperatureBoundsExpSharperFerro	3	1
NARROW_CHILD	IsingModel.Concrete.LatticeGraphCorrelation.HighTemperatureBoundsExpSharperSandwich	4	1
NARROW_CHILD	IsingModel.Concrete.LatticeGraphCorrelation.HighTemperatureBoundsExpansionCorrelationLogZ	3	1
NARROW_CHILD	IsingModel.Concrete.LatticeGraphCorrelation.HighTemperatureBoundsExpansionFreeEnergy	5	1
NARROW_CHILD	IsingModel.Concrete.LatticeGraphCorrelation.HighTemperatureBoundsExpansionGeneralH	4	1
NARROW_CHILD	IsingModel.Concrete.LatticeGraphCorrelation.HighTemperatureBoundsExpansionPartitionBounds	5	1
NARROW_CHILD	IsingModel.Concrete.LatticeGraphCorrelation.HighTemperatureBoundsFreeEnergyInfiniteContinuity	3	1
NARROW_CHILD	IsingModel.Concrete.LatticeGraphCorrelation.HighTemperatureBoundsLambdaCompleteSummary	2	1
NARROW_CHILD	IsingModel.Concrete.LatticeGraphCorrelation.HighTemperatureBoundsNumerator	4	1
NARROW_CHILD	IsingModel.Concrete.LatticeGraphCorrelation.HighTemperatureBoundsRatioBounds	10	1
NARROW_CHILD	IsingModel.Concrete.LatticeGraphCorrelation.HighTemperatureBoundsRatioBoundsBound	4	1
NARROW_CHILD	IsingModel.Concrete.LatticeGraphCorrelation.HighTemperatureBoundsRatioLogFe	12	1
NARROW_CHILD	IsingModel.Concrete.LatticeGraphCorrelation.HighTemperatureBoundsRatioLogFeBound	4	1
NARROW_CHILD	IsingModel.Concrete.LatticeGraphCorrelation.HighTemperatureBoundsTripleRatio	4	1
NARROW_CHILD	IsingModel.Concrete.LatticeGraphCorrelation.HighTemperatureCapstonesAlongEx	6	1
NARROW_CHILD	IsingModel.Concrete.LatticeGraphCorrelation.HighTemperatureCapstonesAlongExFreeEnergy	3	1
NARROW_CHILD	IsingModel.Concrete.LatticeGraphCorrelation.HighTemperatureCapstonesFreeEnergy	3	1
NARROW_CHILD	IsingModel.Concrete.LatticeGraphCorrelation.HighTemperatureFerromagnetic	8	1
NARROW_CHILD	IsingModel.Concrete.LatticeGraphCorrelation.HighTemperatureFerromagneticAlongEx	4	1
NARROW_CHILD	IsingModel.Concrete.LatticeGraphCorrelation.HighTemperatureFreeEnergyCorrection	4	1
NARROW_CHILD	IsingModel.Concrete.LatticeGraphCorrelation.HighTemperatureVDPolymer	4	1
NARROW_CHILD	IsingModel.Concrete.LatticeGraphCorrelation.JointAnalyticityAlongExCorr	2	1
NARROW_CHILD	IsingModel.Concrete.LatticeGraphCorrelation.JointRegularityAlongEx	6	1
NARROW_CHILD	IsingModel.Concrete.LatticeGraphCorrelation.JointRegularityAlongExMagSusc	4	1
NARROW_CHILD	IsingModel.Concrete.LatticeGraphCorrelation.JointRegularityMagSusc	4	1
NARROW_CHILD	IsingModel.Concrete.LatticeGraphCorrelation.JointRegularityPointwise	2	1
NARROW_CHILD	IsingModel.Concrete.LatticeGraphCorrelation.JointRegularityPointwiseAlongEx	2	1
NARROW_CHILD	IsingModel.Concrete.LatticeGraphCorrelation.LambdaCorrelationMonotonicityMagnetization	3	1
NARROW_CHILD	IsingModel.Concrete.LatticeGraphCorrelation.LambdaCorrelationMonotonicityMonotone	3	1
NARROW_CHILD	IsingModel.Concrete.LatticeGraphCorrelation.LatticeMassFoundationTrivialSliceAndIndep	4	1
NARROW_CHILD	IsingModel.Concrete.LatticeGraphCorrelation.LatticeMassHighTempContinuousAt	2	1
NARROW_CHILD	IsingModel.Concrete.LatticeGraphCorrelation.LatticeMassHighTempIciZero	4	1
NARROW_CHILD	IsingModel.Concrete.LatticeGraphCorrelation.LatticeMassHighTempLipschitzContinuousOnOpen	2	1
NARROW_CHILD	IsingModel.Concrete.LatticeGraphCorrelation.LatticeMassHighTempLipschitzOpenIntervalAe	4	1
NARROW_CHILD	IsingModel.Concrete.LatticeGraphCorrelation.LatticeMassHighTempLipschitzTendstoLocallyUniformly	2	1
NARROW_CHILD	IsingModel.Concrete.LatticeGraphCorrelation.LatticeMassHighTempZeroBoundaryContinuousOnClosed	2	1
NARROW_CHILD	IsingModel.Concrete.LatticeGraphCorrelation.LatticeMassHighTempZeroBoundaryContinuousOnIco	2	1
NARROW_CHILD	IsingModel.Concrete.LatticeGraphCorrelation.LatticeMassHighTempZeroBoundaryIco	2	1
NARROW_CHILD	IsingModel.Concrete.LatticeGraphCorrelation.LatticeMassHighTempZeroBoundaryLipschitzClosed	2	1
NARROW_CHILD	IsingModel.Concrete.LatticeGraphCorrelation.LatticeMassHighTempZeroBoundaryMonotoneClosed	4	1
NARROW_CHILD	IsingModel.Concrete.LatticeGraphCorrelation.LatticeMassHighTempZeroBoundaryTendstoUniformlyOnClosed	2	1
NARROW_CHILD	IsingModel.Concrete.LatticeGraphCorrelation.LatticeMassHighTempZeroIncl	2	1
NARROW_CHILD	IsingModel.Concrete.LatticeGraphCorrelation.LatticeMassLebowitzDerivativeHighTemp	3	1
NARROW_CHILD	IsingModel.Concrete.LatticeGraphCorrelation.LatticeMassLebowitzDerivativeSuscSq	2	1
NARROW_CHILD	IsingModel.Concrete.LatticeGraphCorrelation.LatticeMassPseudoMassTransferBasicMass	4	1
NARROW_CHILD	IsingModel.Concrete.LatticeGraphCorrelation.LatticeMassPseudoMassTransferCubicPseudoMassCorr	3	1
NARROW_CHILD	IsingModel.Concrete.LatticeGraphCorrelation.LatticeMassPseudoMassTransferExhaustionPos	2	1
NARROW_CHILD	IsingModel.Concrete.LatticeGraphCorrelation.LatticeMassPseudoMassTransferExpDecayMass	2	1
NARROW_CHILD	IsingModel.Concrete.LatticeGraphCorrelation.LatticeMassPseudoMassTransferReferencePos	2	1
NARROW_CHILD	IsingModel.Concrete.LatticeGraphCorrelation.LatticeMassPseudoMassTransferSummabilityCharacterization	3	1
NARROW_CHILD	IsingModel.Concrete.LatticeGraphCorrelation.LatticeMassPseudoMassTransferTanhPowDistCubicPair	4	1
NARROW_CHILD	IsingModel.Concrete.LatticeGraphCorrelation.LatticeMassPseudoMassTransferTanhPowDistPseudoMassCluster	4	1
NARROW_CHILD	IsingModel.Concrete.LatticeGraphCorrelation.LatticeMassTruncated2HighTempBetaLipschitz	4	1
NARROW_CHILD	IsingModel.Concrete.LatticeGraphCorrelation.LatticeMassTruncated2HighTempContinuousAt	2	1
NARROW_CHILD	IsingModel.Concrete.LatticeGraphCorrelation.LatticeMassTruncated2HighTempJDirection	4	1
NARROW_CHILD	IsingModel.Concrete.LatticeGraphCorrelation.MagnetizationConvergent	3	1
NARROW_CHILD	IsingModel.Concrete.LatticeGraphCorrelation.MagnetizationConvergentSubgraph	3	1
NARROW_CHILD	IsingModel.Concrete.LatticeGraphCorrelation.MagnetizationConvergentTruncated2	3	1
NARROW_CHILD	IsingModel.Concrete.LatticeGraphCorrelation.MagnetizationGksFkg	?remaining four	1
NARROW_CHILD	IsingModel.Concrete.LatticeGraphCorrelation.MagnetizationGksFkgTail	4	1
NARROW_CHILD	IsingModel.Concrete.LatticeGraphCorrelation.MagnetizationPointwiseRegularityFieldJ	4	1
NARROW_CHILD	IsingModel.Concrete.LatticeGraphCorrelation.MagnetizationRegularityBeta	2	1
NARROW_CHILD	IsingModel.Concrete.LatticeGraphCorrelation.MagnetizationSiteLevelBounds	5	1
NARROW_CHILD	IsingModel.Concrete.LatticeGraphCorrelation.MagnetizationSiteLevelTrivialAndMonotone	5	1
NARROW_CHILD	IsingModel.Concrete.LatticeGraphCorrelation.MagnetizationSiteLevelTrivialSlice	3	1
NARROW_CHILD	IsingModel.Concrete.LatticeGraphCorrelation.MagnetizationSusceptibility	11	1
NARROW_CHILD	IsingModel.Concrete.LatticeGraphCorrelation.MagnetizationSusceptibilityConvergent	3	1
NARROW_CHILD	IsingModel.Concrete.LatticeGraphCorrelation.MagnetizationSusceptibilityTrivialSlices	3	1
NARROW_CHILD	IsingModel.Concrete.LatticeGraphCorrelation.MayerAnalyticityExpansionTerm	4	1
NARROW_CHILD	IsingModel.Concrete.LatticeGraphCorrelation.MayerAnalyticityTanhAlongEx	4	1
NARROW_CHILD	IsingModel.Concrete.LatticeGraphCorrelation.MayerBasicIdentitiesAlongExMayerExpansionTerm	3	1
NARROW_CHILD	IsingModel.Concrete.LatticeGraphCorrelation.MayerBasicIdentitiesMayerExpansionTerm	3	1
NARROW_CHILD	IsingModel.Concrete.LatticeGraphCorrelation.MayerEdgeCasesAlongExPolymer	4	1
NARROW_CHILD	IsingModel.Concrete.LatticeGraphCorrelation.MayerEdgeCasesLambda	4	1
NARROW_CHILD	IsingModel.Concrete.LatticeGraphCorrelation.MayerEdgeCasesPolymerFreeEnergy	6	1
NARROW_CHILD	IsingModel.Concrete.LatticeGraphCorrelation.MayerEdgeCasesPolymerFreeEnergyAlongEx	3	1
NARROW_CHILD	IsingModel.Concrete.LatticeGraphCorrelation.MayerEpsilonInfrastructureAlongEx	6	1
NARROW_CHILD	IsingModel.Concrete.LatticeGraphCorrelation.MayerEpsilonInfrastructureAlongExVdSum	3	1
NARROW_CHILD	IsingModel.Concrete.LatticeGraphCorrelation.MayerEpsilonInfrastructureVdSum	3	1
NARROW_CHILD	IsingModel.Concrete.LatticeGraphCorrelation.MayerEpsilonPositivityAlongEx	4	1
NARROW_CHILD	IsingModel.Concrete.LatticeGraphCorrelation.MayerEpsilonPositivityAlongExPFE	2	1
NARROW_CHILD	IsingModel.Concrete.LatticeGraphCorrelation.MayerEpsilonPositivityPFE	2	1
NARROW_CHILD	IsingModel.Concrete.LatticeGraphCorrelation.MayerExpansionEdgeCasesAlongEx	6	1
NARROW_CHILD	IsingModel.Concrete.LatticeGraphCorrelation.MayerExpansionEdgeCasesAlongExPartialSum	3	1
NARROW_CHILD	IsingModel.Concrete.LatticeGraphCorrelation.MayerExpansionEdgeCasesPartialSum	3	1
NARROW_CHILD	IsingModel.Concrete.LatticeGraphCorrelation.MayerFilterConnectedAlongEx	4	1
NARROW_CHILD	IsingModel.Concrete.LatticeGraphCorrelation.MayerRecurrenceHasSumAlongEx	5	1
NARROW_CHILD	IsingModel.Concrete.LatticeGraphCorrelation.MayerStrictPositivityAlongEx	10	1
NARROW_CHILD	IsingModel.Concrete.LatticeGraphCorrelation.MayerStrictPositivityAlongExPFE	2	1
NARROW_CHILD	IsingModel.Concrete.LatticeGraphCorrelation.MayerStrictPositivityAlongExTanhAndStrictMono	4	1
NARROW_CHILD	IsingModel.Concrete.LatticeGraphCorrelation.MayerStrictPositivityPFE	2	1
NARROW_CHILD	IsingModel.Concrete.LatticeGraphCorrelation.MayerStrictPositivityTanhAndStrictMono	4	1
NARROW_CHILD	IsingModel.Concrete.LatticeGraphCorrelation.MayerTanhFerromagneticIffAlongExTail	4	1
NARROW_CHILD	IsingModel.Concrete.LatticeGraphCorrelation.MayerTanhFerromagneticIffVdSum	4	1
NARROW_CHILD	IsingModel.Concrete.LatticeGraphCorrelation.MayerTrivialCasesAlongEx	3	1
NARROW_CHILD	IsingModel.Concrete.LatticeGraphCorrelation.MayerTrivialCasesLambdaIdentity	5	1
NARROW_CHILD	IsingModel.Concrete.LatticeGraphCorrelation.MayerVdBoundsAlongEx	3	1
NARROW_CHILD	IsingModel.Concrete.LatticeGraphCorrelation.MayerVdBoundsGenericT	4	1
NARROW_CHILD	IsingModel.Concrete.LatticeGraphCorrelation.MayerVdIffAlongEx	4	1
NARROW_CHILD	IsingModel.Concrete.LatticeGraphCorrelation.MayerVdRegularity	4	1
NARROW_CHILD	IsingModel.Concrete.LatticeGraphCorrelation.MayerVdRegularityLambda	4	1
NARROW_CHILD	IsingModel.Concrete.LatticeGraphCorrelation.MayerVdRegularityPolymerAlongEx	3	1
NARROW_CHILD	IsingModel.Concrete.LatticeGraphCorrelation.MayerVdRegularityPolymerTanhAlongEx	4	1
NARROW_CHILD	IsingModel.Concrete.LatticeGraphCorrelation.MayerVdRegularityTanhAlongEx	4	1
NARROW_CHILD	IsingModel.Concrete.LatticeGraphCorrelation.PartitionExhaustionBoundsCubic	3	1
NARROW_CHILD	IsingModel.Concrete.LatticeGraphCorrelation.PartitionExhaustionBoundsFreeEnergyInfinite	4	1
NARROW_CHILD	IsingModel.Concrete.LatticeGraphCorrelation.PartitionExhaustionBoundsMonotoneParams	6	1
NARROW_CHILD	IsingModel.Concrete.LatticeGraphCorrelation.PartitionExhaustionBoundsMonotoneParamsCubic	3	1
NARROW_CHILD	IsingModel.Concrete.LatticeGraphCorrelation.PartitionExhaustionBoundsTendsto	4	1
NARROW_CHILD	IsingModel.Concrete.LatticeGraphCorrelation.PartitionFreeEnergyBoundsAlongEx	8	1
NARROW_CHILD	IsingModel.Concrete.LatticeGraphCorrelation.PartitionFreeEnergyBoundsAlongExBridgesLogTwo	4	1
NARROW_CHILD	IsingModel.Concrete.LatticeGraphCorrelation.PartitionFreeEnergyBoundsAlongExCosh	4	1
NARROW_CHILD	IsingModel.Concrete.LatticeGraphCorrelation.PartitionFreeEnergyBoundsCosh	2	1
NARROW_CHILD	IsingModel.Concrete.LatticeGraphCorrelation.PartitionFreeEnergyBoundsFeAlongExId	4	1
NARROW_CHILD	IsingModel.Concrete.LatticeGraphCorrelation.PartitionFreeEnergyBoundsFreeEnergyLambda	3	1
NARROW_CHILD	IsingModel.Concrete.LatticeGraphCorrelation.PartitionFreeEnergyBoundsInfinite	6	1
NARROW_CHILD	IsingModel.Concrete.LatticeGraphCorrelation.PartitionFreeEnergyBoundsInfiniteBridge	4	1
NARROW_CHILD	IsingModel.Concrete.LatticeGraphCorrelation.PartitionFreeEnergyMonotonicityAlongExLog	3	1
NARROW_CHILD	IsingModel.Concrete.LatticeGraphCorrelation.PartitionFreeEnergyMonotonicityCubicLog	3	1
NARROW_CHILD	IsingModel.Concrete.LatticeGraphCorrelation.PartitionFreeEnergyMonotonicityFreeEnergyAlongExCubic	3	1
NARROW_CHILD	IsingModel.Concrete.LatticeGraphCorrelation.PartitionFreeEnergyMonotonicityLambda	6	1
NARROW_CHILD	IsingModel.Concrete.LatticeGraphCorrelation.PartitionFreeEnergyMonotonicityLambdaLog	3	1
NARROW_CHILD	IsingModel.Concrete.LatticeGraphCorrelation.PartitionFreeEnergyPointwiseRegularityFreeEnergyJJoint	4	1
NARROW_CHILD	IsingModel.Concrete.LatticeGraphCorrelation.PartitionFreeEnergyPointwiseRegularityGeneralH	4	1
NARROW_CHILD	IsingModel.Concrete.LatticeGraphCorrelation.PartitionFreeEnergyPointwiseRegularityHAndJoint	4	1
NARROW_CHILD	IsingModel.Concrete.LatticeGraphCorrelation.PartitionFreeEnergyRegularityAlongExFreeEnergy	8	1
NARROW_CHILD	IsingModel.Concrete.LatticeGraphCorrelation.PartitionFreeEnergyRegularityAlongExFreeEnergyFieldJ	4	1
NARROW_CHILD	IsingModel.Concrete.LatticeGraphCorrelation.PartitionFreeEnergyRegularityAlongExPartitionFn	4	1
NARROW_CHILD	IsingModel.Concrete.LatticeGraphCorrelation.PartitionFreeEnergySuperadditivityDisjointUnion	2	1
NARROW_CHILD	IsingModel.Concrete.LatticeGraphCorrelation.PartitionFreeEnergySuperadditivityFE	3	1
NARROW_CHILD	IsingModel.Concrete.LatticeGraphCorrelation.PartitionFunctionClosedFormsAlongEx	6	1
NARROW_CHILD	IsingModel.Concrete.LatticeGraphCorrelation.PartitionFunctionClosedFormsAlongExZeroPJ	4	1
NARROW_CHILD	IsingModel.Concrete.LatticeGraphCorrelation.PartitionFunctionClosedFormsCubicAlongEx	6	1
NARROW_CHILD	IsingModel.Concrete.LatticeGraphCorrelation.PartitionFunctionClosedFormsCubicAlongExZeroPJ	4	1
NARROW_CHILD	IsingModel.Concrete.LatticeGraphCorrelation.PartitionFunctionClosedFormsCubicLambda	6	1
NARROW_CHILD	IsingModel.Concrete.LatticeGraphCorrelation.PartitionFunctionClosedFormsCubicLambdaLog	3	1
NARROW_CHILD	IsingModel.Concrete.LatticeGraphCorrelation.PartitionFunctionClosedFormsLog	3	1
NARROW_CHILD	IsingModel.Concrete.LatticeGraphCorrelation.PartitionFunctionGeneralAnalyticityAlongEx	5	1
NARROW_CHILD	IsingModel.Concrete.LatticeGraphCorrelation.PartitionFunctionRegularityAlongEx	4	1
NARROW_CHILD	IsingModel.Concrete.LatticeGraphCorrelation.PartitionFunctionSymmetryAlongEx	4	1
NARROW_CHILD	IsingModel.Concrete.LatticeGraphCorrelation.PartitionFunctionSymmetryLog	6	1
NARROW_CHILD	IsingModel.Concrete.LatticeGraphCorrelation.PartitionFunctionSymmetryLogCubic	3	1
NARROW_CHILD	IsingModel.Concrete.LatticeGraphCorrelation.PerStageComplexFreeEnergy	4	1
NARROW_CHILD	IsingModel.Concrete.LatticeGraphCorrelation.PerStageSubgraph	8	1
NARROW_CHILD	IsingModel.Concrete.LatticeGraphCorrelation.PerStageSubgraphConvergent	4	1
NARROW_CHILD	IsingModel.Concrete.LatticeGraphCorrelation.PerStageZetaEta	5	1
NARROW_CHILD	IsingModel.Concrete.LatticeGraphCorrelation.PointwiseRegularityBetaHZero	4	1
NARROW_CHILD	IsingModel.Concrete.LatticeGraphCorrelation.PolymerFreeEnergyAnalyticityAlongExTanh	4	1
NARROW_CHILD	IsingModel.Concrete.LatticeGraphCorrelation.PolymerFreeEnergyAnalyticityLambdaTanh	4	1
NARROW_CHILD	IsingModel.Concrete.LatticeGraphCorrelation.PolymerFreeEnergyBasicAlongEx	3	1
NARROW_CHILD	IsingModel.Concrete.LatticeGraphCorrelation.PolymerFreeEnergyBoundsAlongEx	4	1
NARROW_CHILD	IsingModel.Concrete.LatticeGraphCorrelation.PolymerFreeEnergyBoundsAlongExZeroLe	4	1
NARROW_CHILD	IsingModel.Concrete.LatticeGraphCorrelation.PolymerFreeEnergyBoundsLambdaEdgeCases	4	1
NARROW_CHILD	IsingModel.Concrete.LatticeGraphCorrelation.PolymerFreeEnergyBoundsRegularity	8	1
NARROW_CHILD	IsingModel.Concrete.LatticeGraphCorrelation.PolymerFreeEnergyBoundsRegularityAlongEx	4	1
NARROW_CHILD	IsingModel.Concrete.LatticeGraphCorrelation.PolymerFreeEnergyBoundsTanhAlongEx	4	1
NARROW_CHILD	IsingModel.Concrete.LatticeGraphCorrelation.PolymerFreeEnergyEpsilonSharpeningAlongEx	6	1
NARROW_CHILD	IsingModel.Concrete.LatticeGraphCorrelation.PolymerFreeEnergyEpsilonSharpeningAlongExPFE	4	1
NARROW_CHILD	IsingModel.Concrete.LatticeGraphCorrelation.PolymerFreeEnergyEpsilonSharpeningIff	3	1
NARROW_CHILD	IsingModel.Concrete.LatticeGraphCorrelation.PolymerFreeEnergyHighTemperatureBoundsAlongEx	6	1
NARROW_CHILD	IsingModel.Concrete.LatticeGraphCorrelation.PolymerFreeEnergyHighTemperatureBoundsAlongExPFE	3	1
NARROW_CHILD	IsingModel.Concrete.LatticeGraphCorrelation.PolymerFreeEnergyHighTemperatureBoundsPFE	3	1
NARROW_CHILD	IsingModel.Concrete.LatticeGraphCorrelation.PolymerFreeEnergyTanhBoundsAlongEx	6	1
NARROW_CHILD	IsingModel.Concrete.LatticeGraphCorrelation.PolymerFreeEnergyTanhBoundsAlongExFerro	3	1
NARROW_CHILD	IsingModel.Concrete.LatticeGraphCorrelation.PolymerFreeEnergyTanhBoundsFerro	3	1
NARROW_CHILD	IsingModel.Concrete.LatticeGraphCorrelation.PolymerFreeEnergyTanhSharpeningAlongExMonotone	4	1
NARROW_CHILD	IsingModel.Concrete.LatticeGraphCorrelation.PolymerFreeEnergyTanhSharpeningMonotone	4	1
NARROW_CHILD	IsingModel.Concrete.LatticeGraphCorrelation.RegularityAlongEx	15	1
NARROW_CHILD	IsingModel.Concrete.LatticeGraphCorrelation.RegularityAlongExMag	4	1
NARROW_CHILD	IsingModel.Concrete.LatticeGraphCorrelation.RegularityAlongExPartitionFreeEnergyFE	3	1
NARROW_CHILD	IsingModel.Concrete.LatticeGraphCorrelation.RegularityAlongExSusceptibility	4	1
NARROW_CHILD	IsingModel.Concrete.LatticeGraphCorrelation.RegularityFreeEnergyLambda	3	1
NARROW_CHILD	IsingModel.Concrete.LatticeGraphCorrelation.RegularityMagSusc	8	1
NARROW_CHILD	IsingModel.Concrete.LatticeGraphCorrelation.RegularityMagSuscMagnetization	4	1
NARROW_CHILD	IsingModel.Concrete.LatticeGraphCorrelation.RegularityPartitionBoltzmann	6	1
NARROW_CHILD	IsingModel.Concrete.LatticeGraphCorrelation.RegularityPartitionBoltzmannBoltzmann	3	1
NARROW_CHILD	IsingModel.Concrete.LatticeGraphCorrelation.SiteIndepMagSpontaneous	8	1
NARROW_CHILD	IsingModel.Concrete.LatticeGraphCorrelation.SiteIndepMagSpontaneousBounds	4	1
NARROW_CHILD	IsingModel.Concrete.LatticeGraphCorrelation.SiteIndepMagTrivialSlice	7	1
NARROW_CHILD	IsingModel.Concrete.LatticeGraphCorrelation.SiteIndepMagTrivialSliceMonotone	3	1
NARROW_CHILD	IsingModel.Concrete.LatticeGraphCorrelation.SiteIndepMagTwoPoint	17	1
NARROW_CHILD	IsingModel.Concrete.LatticeGraphCorrelation.SiteIndepMagTwoPointBounds	3	1
NARROW_CHILD	IsingModel.Concrete.LatticeGraphCorrelation.SiteIndepMagTwoPointMonotone	3	1
NARROW_CHILD	IsingModel.Concrete.LatticeGraphCorrelation.SiteIndepMagTwoPointNonnegAndGe	3	1
NARROW_CHILD	IsingModel.Concrete.LatticeGraphCorrelation.SiteIndepMagTwoPointTruncated4Symm	3	1
NARROW_CHILD	IsingModel.Concrete.LatticeGraphCorrelation.SiteIndepMagUniformBounds	5	1
NARROW_CHILD	IsingModel.Concrete.LatticeGraphCorrelation.SiteIndepMagUniformSpontaneousBounds	5	1
NARROW_CHILD	IsingModel.Concrete.LatticeGraphCorrelation.SusceptibilityLambdaConvergent	3	1
NARROW_CHILD	IsingModel.Concrete.LatticeGraphCorrelation.SusceptibilityPointwiseRegularityBetaHZero	4	1
NARROW_CHILD	IsingModel.Concrete.LatticeGraphCorrelation.SusceptibilityPointwiseRegularityField	4	1
NARROW_CHILD	IsingModel.Concrete.LatticeGraphCorrelation.SusceptibilityPointwiseRegularityGeneralH	4	1
NARROW_CHILD	IsingModel.Concrete.LatticeGraphCorrelation.SusceptibilityPointwiseRegularityLatticeGraphFieldJ	4	1
NARROW_CHILD	IsingModel.Concrete.LatticeGraphCorrelation.TranslationCubicMonotone	3	1
NARROW_CHILD	IsingModel.Concrete.LatticeGraphCorrelation.TranslationShifts	8	1
NARROW_CHILD	IsingModel.Concrete.LatticeGraphCorrelation.TranslationShiftsVaddFinset	4	1
NARROW_CHILD	IsingModel.Concrete.LatticeGraphCorrelation.TranslationSiteIndep	3	1
NARROW_CHILD	IsingModel.Concrete.LatticeGraphCorrelation.TranslationTendstoSpontaneous	3	1
NARROW_CHILD	IsingModel.Concrete.LatticeGraphCorrelation.TranslationVadd	11	1
NARROW_CHILD	IsingModel.Concrete.LatticeGraphCorrelation.TranslationVaddTruncatedAnyEx	3	1
NARROW_CHILD	IsingModel.Concrete.LatticeGraphCorrelation.TranslationVaddTruncatedTranslation	3	1
NARROW_CHILD	IsingModel.Concrete.LatticeGraphCorrelation.TwoPointAmbientBot	24	1
NARROW_CHILD	IsingModel.Concrete.LatticeGraphCorrelation.TwoPointAmbientBotLambda	7	1
NARROW_CHILD	IsingModel.Concrete.LatticeGraphCorrelation.TwoPointAmbientBotLambdaAlongEx	3	1
NARROW_CHILD	IsingModel.Concrete.LatticeGraphCorrelation.TwoPointAmbientBotMagnetization	5	1
NARROW_CHILD	IsingModel.Concrete.LatticeGraphCorrelation.TwoPointAmbientBotMonotone	7	1
NARROW_CHILD	IsingModel.Concrete.LatticeGraphCorrelation.TwoPointAmbientBotMonotoneCorr	3	1
NARROW_CHILD	IsingModel.Concrete.LatticeGraphCorrelation.TwoPointCorrelationInfiniteMonotoneCubicEx	3	1
NARROW_CHILD	IsingModel.Concrete.LatticeGraphCorrelation.TwoPointEqSeparations	2	1
NARROW_CHILD	IsingModel.Concrete.LatticeGraphCorrelation.TwoPointFreeEnergy	22	1
NARROW_CHILD	IsingModel.Concrete.LatticeGraphCorrelation.TwoPointFreeEnergyInfHSymmetry	5	1
NARROW_CHILD	IsingModel.Concrete.LatticeGraphCorrelation.TwoPointFreeEnergyInfMonotone	7	1
NARROW_CHILD	IsingModel.Concrete.LatticeGraphCorrelation.TwoPointFreeEnergyInfMonotoneCubicEx	3	1
NARROW_CHILD	IsingModel.Concrete.LatticeGraphCorrelation.TwoPointFreeEnergyInfTrivialSlicesCubic	3	1
NARROW_CHILD	IsingModel.Concrete.LatticeGraphCorrelation.TwoPointFreeEnergyInfTrivialSlicesNonempty	3	1
NARROW_CHILD	IsingModel.Concrete.LatticeGraphCorrelation.TwoPointFunctionTrivialSlices	3	1
NARROW_CHILD	IsingModel.Concrete.LatticeGraphCorrelation.TwoPointMagnetizationMonotone	5	1
NARROW_CHILD	IsingModel.Concrete.LatticeGraphCorrelation.TwoPointSymm	2	1
NARROW_CHILD	IsingModel.Concrete.LatticeGraphCorrelation.TwoPointTruncatedHigher	15	1
NARROW_CHILD	IsingModel.Concrete.LatticeGraphCorrelation.TwoPointTruncatedHigherIndepExhaustion	3	1
NARROW_CHILD	IsingModel.Concrete.LatticeGraphCorrelation.TwoPointTruncatedHigherJZero	3	1
NARROW_CHILD	IsingModel.Concrete.LatticeGraphCorrelation.TwoPointTruncatedHigherNonpos	3	1
NARROW_CHILD	IsingModel.Concrete.LatticeGraphCorrelation.TwoPointTruncatedHigherTruncated4	3	1
NARROW_CHILD	IsingModel.Concrete.LatticeGraphCorrelation.TwoPointTruncatedInfiniteTrivialSlice	5	1
NARROW_CHILD	IsingModel.Concrete.LatticeGraphCorrelation.TwoPointTruncatedSwaps	6	1
NARROW_CHILD	IsingModel.Concrete.LatticeGraphCorrelation.TwoPointTruncatedSwapsTrunc4	3	1
NARROW_CHILD	IsingModel.Concrete.LatticeGraphCorrelation.TwoPointTruncatedTrivialSlices	5	1
NARROW_CHILD	IsingModel.Concrete.LatticeGraphCorrelation.TwoPointZeroCollapse	2	1
NARROW_CHILD	IsingModel.Concrete.LatticeGraphCorrelation.UniformMagAlongExConvergenceBasicBounds	3	1
NARROW_CHILD	IsingModel.Concrete.LatticeGraphCorrelation.UniformMagAlongExConvergenceCiSup	4	1
NARROW_CHILD	IsingModel.Concrete.LatticeGraphCorrelation.UniformMagAlongExConvergenceCorrAlongEx	4	1
NARROW_CHILD	IsingModel.Concrete.LatticeGraphCorrelation.UniformMagAlongExConvergenceMain	3	1
NARROW_CHILD	IsingModel.Concrete.LatticeGraphCorrelation.UniformMagBoundsCorrAlongExMonotone	3	1
NARROW_CHILD	IsingModel.Concrete.LatticeGraphCorrelation.UniformMagBoundsCorrInfMonotone	3	1
NARROW_CHILD	IsingModel.Concrete.LatticeGraphCorrelation.UniformMagBoundsCorrInfTrivialSlices	3	1
NARROW_CHILD	IsingModel.Concrete.LatticeGraphCorrelation.UniformMagBoundsMagInfMonotone	3	1
NARROW_CHILD	IsingModel.Concrete.LatticeGraphCorrelation.UniformMagBoundsMonotonicity	23	1
NARROW_CHILD	IsingModel.Concrete.LatticeGraphCorrelation.UniformMagBoundsTruncated2TwoPoint	7	1
NARROW_CHILD	IsingModel.Concrete.LatticeGraphCorrelation.UniformMagBoundsTruncated2TwoPointMisc	3	1
NARROW_CHILD	IsingModel.Concrete.LatticeGraphCorrelation.UniformMagCorrelationTrivial	14	1
NARROW_CHILD	IsingModel.Concrete.LatticeGraphCorrelation.UniformMagCorrelationTrivialCor4_3_5	2	1
NARROW_CHILD	IsingModel.Concrete.LatticeGraphCorrelation.UniformMagCorrelationTrivialHZero	5	1
NARROW_CHILD	IsingModel.Concrete.LatticeGraphCorrelation.UniformMagCorrelationTrivialTrivialSlices	3	1
NARROW_CHILD	IsingModel.Concrete.LatticeGraphCorrelation.UniformMagRecastsMagnetization	9	1
NARROW_CHILD	IsingModel.Concrete.LatticeGraphCorrelation.UniformMagRecastsMagnetizationLambdaBounds	4	1
NARROW_CHILD	IsingModel.Concrete.LatticeGraphCorrelation.UniformMagRecastsTruncatedZeroParams	3	1
NARROW_CHILD	IsingModel.Concrete.LatticeGraphCorrelation.UniformMagSpontaneousCorrelation	3	1
NARROW_CHILD	IsingModel.Concrete.LatticeGraphCorrelation.UniformMagSusceptibilityInfinite	7	1
NARROW_CHILD	IsingModel.Concrete.LatticeGraphCorrelation.UniformMagSusceptibilityInfiniteRegJZero	4	1
NARROW_CHILD	IsingModel.Concrete.LatticeGraphCorrelation.VdPolymerFamiliesAnalyticityLogAlongEx	4	1
NARROW_CHILD	IsingModel.Concrete.LatticeGraphCorrelation.VdPolymerFamiliesAnalyticityTanh	4	1
NARROW_CHILD	docs/index.md	-	25
NARROW_CHILD	tex/proof-guide.tex	-	1
PAREN_COUNT	IsingModel.AmbientLattice.MagnetizationInfiniteEmptyTrivial	9:theorems	1
PAREN_COUNT	IsingModel.AmbientLattice.MagnetizationInfiniteExhaustionHSymmetry	9:theorems	1
PAREN_COUNT	IsingModel.AmbientLattice.MagnetizationInfiniteHZeroJZero	8:theorems	1
PAREN_COUNT	IsingModel.AmbientLattice.MagnetizationInfiniteLambdaHSymmetry	10:theorems	1
PAREN_COUNT	IsingModel.AmbientLattice.MagnetizationInfiniteMagTrivial	7:theorems	1
PAREN_COUNT	IsingModel.AmbientLattice.MagnetizationInfiniteSusceptibilityRegularity	7:theorems	1
PAREN_COUNT	IsingModel.AmbientLatticeSumFreeEnergy	13:theorems	1
PAREN_COUNT	IsingModel.Concrete.LatticeGraphCorrelation.LatticeMassPseudoMassTransferBasic	7:theorems	1
PAREN_COUNT	IsingModel.Concrete.LatticeGraphCorrelation.LatticeMassPseudoMassTransferReference	6:theorems	1
PAREN_COUNT	IsingModel.Concrete.LatticeGraphCorrelation.LatticeMassPseudoMassTransferTanhPowDist	13:theorems	1
PAREN_COUNT	IsingModel.Concrete.LatticeGraphCorrelation.UniformMag	3:wrappers	2
PAREN_COUNT	IsingModel.Concrete.LatticeGraphCorrelation.UniformMag	4:wrappers	2
PAREN_COUNT	docs/index.md	12:declarations	2
PAREN_COUNT	docs/index.md	13:declarations	1
PAREN_COUNT	docs/index.md	14:declarations	1
PAREN_COUNT	docs/index.md	1:declaration	3
PAREN_COUNT	docs/index.md	2:declarations	7
PAREN_COUNT	docs/index.md	2:lemmas	2
PAREN_COUNT	docs/index.md	3:declarations	5
PAREN_COUNT	docs/index.md	3:lemmas	2
PAREN_COUNT	docs/index.md	4:declarations	3
PAREN_COUNT	docs/index.md	5:declarations	7
PAREN_COUNT	docs/index.md	5:lemmas	1
PAREN_COUNT	docs/index.md	6:declarations	4
PAREN_COUNT	docs/index.md	7:declarations	2
PAREN_COUNT	docs/index.md	8:declarations	2
PAREN_COUNT	docs/index.md	8:lemmas	1
PAREN_COUNT	docs/index.md	9:wrappers	1
PAREN_COUNT	tex/proof-guide.tex	9:wrappers	1
POSSESSIVE_COUNT	IsingModel.AmbientLattice.MagnetizationInfiniteSusceptibility	4:properties	1
POSSESSIVE_COUNT	IsingModel.Peierls.DualCutInBox	3:properties	1
POSSESSIVE_COUNT	docs/index.md	2:lemmas	1
POSSESSIVE_COUNT	docs/index.md	4:lemmas	1
PREDICATE_COUNT	IsingModel.AmbientComplexAnalyticity.ClosedBallPatches.RelCompact	3:declarations	1
PREDICATE_COUNT	IsingModel.ClusterExpansion.AlternatingCompleteGraph.SignedSums	2:definitions	1
PREDICATE_COUNT	IsingModel.ClusterExpansion.TwoPointCapstonePrereqs	2:wrapper	1
PREDICATE_COUNT	IsingModel.Concrete.LatticeGraphCorrelation.CubicPseudoMassNamedRateCorr	5:wrappers	1
PREDICATE_COUNT	docs/architecture-import-layers.md	3:file	1
PREDICATE_COUNT	docs/index.md	3:declarations	2
PREDICATE_COUNT	tex/proof-guide.tex	10:wrappers	1
PREDICATE_COUNT	tex/proof-guide.tex	3:declarations	3
RELOCATION	IsingModel.AmbientComplexAnalyticity.AscoliData.Constructors.AnalyticSideConditions	->?	1
RELOCATION	IsingModel.AmbientLattice.Analyticity	->IsingModel.AmbientLattice.AnalyticityLambdaBasicIdentities	1
RELOCATION	IsingModel.AmbientLattice.Analyticity	->IsingModel.AmbientLattice.AnalyticityLambdaCapstones	1
RELOCATION	IsingModel.AmbientLattice.Analyticity	->IsingModel.AmbientLattice.AnalyticityLambdaEpsilonIff	1
RELOCATION	IsingModel.AmbientLattice.Analyticity	->IsingModel.AmbientLattice.AnalyticityLambdaMayerIdentity	1
RELOCATION	IsingModel.AmbientLattice.Analyticity	->IsingModel.AmbientLattice.AnalyticityLambdaMayerPfeEdgeBounds	1
RELOCATION	IsingModel.AmbientLattice.Analyticity	->IsingModel.AmbientLattice.AnalyticityLambdaMayerRecurrenceEpsilon	1
RELOCATION	IsingModel.AmbientLattice.Analyticity	->IsingModel.AmbientLattice.AnalyticityLambdaPfeSharpening	1
RELOCATION	IsingModel.AmbientLattice.Analyticity	->IsingModel.AmbientLattice.AnalyticityLambdaTanhFerroIff	1
RELOCATION	IsingModel.AmbientLattice.Analyticity	10->IsingModel.AmbientLattice.AnalyticityLambdaJoint	1
RELOCATION	IsingModel.AmbientLattice.Analyticity	10->IsingModel.AmbientLattice.AnalyticityLambdaRegularity	1
RELOCATION	IsingModel.AmbientLattice.Analyticity	10->IsingModel.AmbientLattice.AnalyticityLambdaSandwich	1
RELOCATION	IsingModel.AmbientLattice.Analyticity	12->IsingModel.AmbientLattice.AnalyticityLambdaPolymerBounds	1
RELOCATION	IsingModel.AmbientLattice.Analyticity	14->IsingModel.AmbientLattice.AnalyticityLambdaMagSuscep	1
RELOCATION	IsingModel.AmbientLattice.Analyticity	14->IsingModel.AmbientLattice.AnalyticityLambdaVdPolymer	1
RELOCATION	IsingModel.AmbientLattice.Analyticity	16->IsingModel.AmbientLattice.AnalyticityLambdaPolymer	1
RELOCATION	IsingModel.AmbientLattice.Analyticity	23->IsingModel.AmbientLattice.AnalyticityLambdaMayer	1
RELOCATION	IsingModel.AmbientLattice.Analyticity	23->IsingModel.AmbientLattice.AnalyticityLambdaSection186	1
RELOCATION	IsingModel.AmbientLattice.Analyticity	6->IsingModel.AmbientLattice.AnalyticityLambdaPerDirection	1
RELOCATION	IsingModel.AmbientLattice.BetaDerivative	->IsingModel.Ambient.BetaDerivativeMagnetization	1
RELOCATION	IsingModel.AmbientLattice.BetaDerivative	->IsingModel.Ambient.BetaDerivativePartitionSusc	1
RELOCATION	IsingModel.AmbientLattice.BetaDerivative	6->IsingModel.Ambient.BetaDerivativeFieldJ	1
RELOCATION	IsingModel.AmbientLattice.MagnetizationInfinite.HSymmetryBounds	->IsingModel.AmbientLattice.MagnetizationInfiniteSusceptibility	1
RELOCATION	IsingModel.AmbientLattice.MagnetizationInfinite.HSymmetryBounds	10->IsingModel.AmbientLattice.MagnetizationInfiniteLambdaHSymmetry	1
RELOCATION	IsingModel.AmbientLattice.MagnetizationInfinite.HSymmetryBounds	9->IsingModel.AmbientLattice.MagnetizationInfiniteExhaustionHSymmetry	1
RELOCATION	IsingModel.AmbientLattice.MagnetizationInfinite.JZeroRegularity	7->IsingModel.AmbientLattice.MagnetizationInfiniteSusceptibilityRegularity	1
RELOCATION	IsingModel.AmbientLattice.MagnetizationInfinite.TrivialSlices	7->IsingModel.AmbientLattice.MagnetizationInfiniteMagTrivial	1
RELOCATION	IsingModel.AmbientLattice.MagnetizationInfinite.TrivialSlices	8->IsingModel.AmbientLattice.MagnetizationInfiniteHZeroJZero	1
RELOCATION	IsingModel.AmbientLattice.MagnetizationInfinite.TrivialSlices	9->IsingModel.AmbientLattice.MagnetizationInfiniteEmptyTrivial	1
RELOCATION	IsingModel.AmbientLattice.SpecialCases.FreeEnergy	->IsingModel.AmbientLattice.SpecialCases.FreeEnergyTrivialSlices	1
RELOCATION	IsingModel.AmbientLattice.SpecialCases.FreeEnergy	2->IsingModel.AmbientLattice.SpecialCases.FreeEnergyHighTempExp	1
RELOCATION	IsingModel.AmbientLattice.SpecialCases.FreeEnergy	3->IsingModel.AmbientLattice.SpecialCases.FreeEnergyHSymmetry	1
RELOCATION	IsingModel.AmbientLattice.SpecialCases.FreeEnergyHSymmetry	->IsingModel.AmbientLattice.SpecialCases.FreeEnergyHSymmetryMonotone	2
RELOCATION	IsingModel.AmbientLattice.SpecialCases.FreeEnergyTrivialSlices	2->IsingModel.AmbientLattice.SpecialCases.FreeEnergyTrivialSlicesInfinite	1
RELOCATION	IsingModel.AmbientLattice.SpecialCases.FreeEnergyTrivialSlices	2->IsingModel.AmbientLattice.SpecialCases.FreeEnergyTrivialSlicesJZero	1
RELOCATION	IsingModel.AmbientLattice.SpecialCases.HighTemperature	->IsingModel.AmbientLattice.SpecialCases.HighTemperatureTanh	1
RELOCATION	IsingModel.AmbientLattice.SpecialCases.HighTemperature	4->IsingModel.AmbientLattice.SpecialCases.HighTemperatureVdSandwichFE	1
RELOCATION	IsingModel.AmbientLattice.SpecialCases.HighTemperatureBounds	->IsingModel.AmbientLattice.SpecialCases.HighTemperatureBoundsCorrelation	1
RELOCATION	IsingModel.AmbientLattice.SpecialCases.HighTemperatureBounds	->IsingModel.AmbientLattice.SpecialCases.HighTemperatureBoundsDeviation	1
RELOCATION	IsingModel.AmbientLattice.SpecialCases.HighTemperatureBounds	->IsingModel.AmbientLattice.SpecialCases.HighTemperatureBoundsExpSharper	1
RELOCATION	IsingModel.AmbientLattice.SpecialCases.HighTemperatureBounds	->IsingModel.AmbientLattice.SpecialCases.HighTemperatureBoundsExpansion	1
RELOCATION	IsingModel.AmbientLattice.SpecialCases.HighTemperatureBounds	->IsingModel.AmbientLattice.SpecialCases.HighTemperatureBoundsRatioBounds	1
RELOCATION	IsingModel.AmbientLattice.SpecialCases.HighTemperatureBounds	11->IsingModel.AmbientLattice.SpecialCases.HighTemperatureBoundsDecayCapstones	1
RELOCATION	IsingModel.AmbientLattice.SpecialCases.HighTemperatureBounds	12->IsingModel.AmbientLattice.SpecialCases.HighTemperatureBoundsRatioLogFe	1
RELOCATION	IsingModel.AmbientLattice.SpecialCases.HighTemperatureBounds	15->IsingModel.AmbientLattice.SpecialCases.HighTemperatureBoundsCorrelationBasic	1
RELOCATION	IsingModel.AmbientLattice.SpecialCases.HighTemperatureBounds	2->IsingModel.AmbientLattice.SpecialCases.HighTemperatureBoundsTripleRatio	1
RELOCATION	IsingModel.AmbientLattice.SpecialCases.HighTemperatureBoundsCorrelationBasic	4->IsingModel.AmbientLattice.SpecialCases.HighTemperatureBoundsCorrelationBasicSingletonBundle	1
RELOCATION	IsingModel.AmbientLattice.SpecialCases.HighTemperatureBoundsCorrelationBasic	6->IsingModel.AmbientLattice.SpecialCases.HighTemperatureBoundsCorrelationBasicPair	1
RELOCATION	IsingModel.AmbientLattice.SpecialCases.HighTemperatureBoundsCorrelationBasicPair	->IsingModel.AmbientLattice.SpecialCases.HighTemperatureBoundsCorrelationBasicPairTrivial	1
RELOCATION	IsingModel.AmbientLattice.SpecialCases.HighTemperatureBoundsCorrelationBasicPair	2->IsingModel.AmbientLattice.SpecialCases.HighTemperatureBoundsCorrelationBasicPairBase	1
RELOCATION	IsingModel.AmbientLattice.SpecialCases.HighTemperatureBoundsCorrelationBasicSingleton	2->IsingModel.AmbientLattice.SpecialCases.HighTemperatureBoundsCorrelationBasicSingletonTrivial	1
RELOCATION	IsingModel.AmbientLattice.SpecialCases.HighTemperatureBoundsCorrelationBasicSingletonBundle	4->IsingModel.AmbientLattice.SpecialCases.HighTemperatureBoundsCorrelationBasicSingleton	1
RELOCATION	IsingModel.AmbientLattice.SpecialCases.HighTemperatureBoundsDecayCapstones	->IsingModel.AmbientLattice.SpecialCases.HighTemperatureBoundsDecayCapstonesDist	1
RELOCATION	IsingModel.AmbientLattice.SpecialCases.HighTemperatureBoundsDecayCapstones	2->IsingModel.AmbientLattice.SpecialCases.HighTemperatureBoundsDecayCapstonesEdge	1
RELOCATION	IsingModel.AmbientLattice.SpecialCases.HighTemperatureBoundsDecayCapstonesAlpha	->IsingModel.AmbientLattice.SpecialCases.HighTemperatureBoundsDecayCapstonesAlphaFerro	1
RELOCATION	IsingModel.AmbientLattice.SpecialCases.HighTemperatureBoundsDecayCapstonesDist	->IsingModel.AmbientLattice.SpecialCases.HighTemperatureBoundsDecayCapstonesAlpha	1
RELOCATION	IsingModel.AmbientLattice.SpecialCases.HighTemperatureBoundsDecayCapstonesDist	->IsingModel.AmbientLattice.SpecialCases.HighTemperatureBoundsDecayCapstonesDistNamedRate	1
RELOCATION	IsingModel.AmbientLattice.SpecialCases.HighTemperatureBoundsDecayCapstonesEdge	->IsingModel.AmbientLattice.SpecialCases.HighTemperatureBoundsDecayCapstonesEdgeFerro	1
RELOCATION	IsingModel.AmbientLattice.SpecialCases.HighTemperatureBoundsDeviation	->IsingModel.AmbientLattice.SpecialCases.HighTemperatureBoundsDeviationFerro	1
RELOCATION	IsingModel.AmbientLattice.SpecialCases.HighTemperatureBoundsDeviation	10->IsingModel.AmbientLattice.SpecialCases.HighTemperatureBoundsDeviationStrict	1
RELOCATION	IsingModel.AmbientLattice.SpecialCases.HighTemperatureBoundsDeviation	4->IsingModel.AmbientLattice.SpecialCases.HighTemperatureBoundsDeviationContinuity	1
RELOCATION	IsingModel.AmbientLattice.SpecialCases.HighTemperatureBoundsDeviationContinuity	2->IsingModel.AmbientLattice.SpecialCases.HighTemperatureBoundsDeviationContinuityTrivial	1
RELOCATION	IsingModel.AmbientLattice.SpecialCases.HighTemperatureBoundsDeviationStrict	->IsingModel.AmbientLattice.SpecialCases.HighTemperatureBoundsDeviationStrictFerro	1
RELOCATION	IsingModel.AmbientLattice.SpecialCases.HighTemperatureBoundsDeviationStrict	2->IsingModel.AmbientLattice.SpecialCases.HighTemperatureBoundsDeviationStrictZ	1
RELOCATION	IsingModel.AmbientLattice.SpecialCases.HighTemperatureBoundsDeviationStrictFerro	->IsingModel.AmbientLattice.SpecialCases.HighTemperatureBoundsDeviationStrictFerroBundle	1
RELOCATION	IsingModel.AmbientLattice.SpecialCases.HighTemperatureBoundsDeviationStrictFerro	2->IsingModel.AmbientLattice.SpecialCases.HighTemperatureBoundsDeviationStrictFerroZ	1
RELOCATION	IsingModel.AmbientLattice.SpecialCases.HighTemperatureBoundsExpSharper	3->IsingModel.AmbientLattice.SpecialCases.HighTemperatureBoundsExpSharperFerro	1
RELOCATION	IsingModel.AmbientLattice.SpecialCases.HighTemperatureBoundsExpSharper	5->IsingModel.AmbientLattice.SpecialCases.HighTemperatureBoundsExpSharperSandwich	1
RELOCATION	IsingModel.AmbientLattice.SpecialCases.HighTemperatureBoundsExpSharper	6->IsingModel.AmbientLattice.SpecialCases.HighTemperatureBoundsExpSharperComplete	1
RELOCATION	IsingModel.AmbientLattice.SpecialCases.HighTemperatureBoundsExpSharperComplete	->IsingModel.AmbientLattice.SpecialCases.HighTemperatureBoundsExpSharperCompleteFE	1
RELOCATION	IsingModel.AmbientLattice.SpecialCases.HighTemperatureBoundsExpSharperComplete	3->IsingModel.AmbientLattice.SpecialCases.HighTemperatureBoundsExpSharperCompleteFerro	1
RELOCATION	IsingModel.AmbientLattice.SpecialCases.HighTemperatureBoundsExpSharperCompleteFerro	->IsingModel.AmbientLattice.SpecialCases.HighTemperatureBoundsExpSharperCompleteFerroFE	1
RELOCATION	IsingModel.AmbientLattice.SpecialCases.HighTemperatureBoundsExpSharperSandwich	->IsingModel.AmbientLattice.SpecialCases.HighTemperatureBoundsExpSharperSandwichLogZ	1
RELOCATION	IsingModel.AmbientLattice.SpecialCases.HighTemperatureBoundsExpSharperSandwich	2->IsingModel.AmbientLattice.SpecialCases.HighTemperatureBoundsExpSharperSandwichFerro	1
RELOCATION	IsingModel.AmbientLattice.SpecialCases.HighTemperatureBoundsExpansion	->IsingModel.AmbientLattice.SpecialCases.HighTemperatureBoundsExpansionLowerUpper	1
RELOCATION	IsingModel.AmbientLattice.SpecialCases.HighTemperatureBoundsExpansion	4->IsingModel.AmbientLattice.SpecialCases.HighTemperatureBoundsExpansionVariants	1
RELOCATION	IsingModel.AmbientLattice.SpecialCases.HighTemperatureBoundsExpansion	8->IsingModel.AmbientLattice.SpecialCases.HighTemperatureBoundsExpansionClosedForms	1
RELOCATION	IsingModel.AmbientLattice.SpecialCases.HighTemperatureBoundsExpansionClosed	2->IsingModel.AmbientLattice.SpecialCases.HighTemperatureBoundsExpansionClosedCorrelation	1
RELOCATION	IsingModel.AmbientLattice.SpecialCases.HighTemperatureBoundsExpansionClosed	2->IsingModel.AmbientLattice.SpecialCases.HighTemperatureBoundsExpansionClosedSlices	1
RELOCATION	IsingModel.AmbientLattice.SpecialCases.HighTemperatureBoundsExpansionClosedForms	5->IsingModel.AmbientLattice.SpecialCases.HighTemperatureBoundsExpansionClosed	1
RELOCATION	IsingModel.AmbientLattice.SpecialCases.HighTemperatureBoundsExpansionLowerUpper	->IsingModel.AmbientLattice.SpecialCases.HighTemperatureBoundsExpansionLowerUpperClosed	1
RELOCATION	IsingModel.AmbientLattice.SpecialCases.HighTemperatureBoundsExpansionLowerUpper	2->IsingModel.AmbientLattice.SpecialCases.HighTemperatureBoundsExpansionLowerUpperConsistency	1
RELOCATION	IsingModel.AmbientLattice.SpecialCases.HighTemperatureBoundsExpansionLowerUpper	3->HighTemperatureBoundsExpansionLowerUpperFE.lean	1
RELOCATION	IsingModel.AmbientLattice.SpecialCases.HighTemperatureBoundsExpansionLowerUpperFE	->IsingModel.AmbientLattice.SpecialCases.HighTemperatureBoundsExpansionLowerUpperFEClosed	2
RELOCATION	IsingModel.AmbientLattice.SpecialCases.HighTemperatureBoundsExpansionVariants	2->IsingModel.AmbientLattice.SpecialCases.HighTemperatureBoundsExpansionVariantsGeneralH	1
RELOCATION	IsingModel.AmbientLattice.SpecialCases.HighTemperatureBoundsRatioBounds	->HighTemperatureBoundsRatioLogFe.lean	1
RELOCATION	IsingModel.AmbientLattice.SpecialCases.HighTemperatureBoundsRatioBounds	->IsingModel.AmbientLattice.SpecialCases.HighTemperatureBoundsRatioBoundsFerro	1
RELOCATION	IsingModel.AmbientLattice.SpecialCases.HighTemperatureBoundsRatioBounds	->IsingModel.AmbientLattice.SpecialCases.HighTemperatureBoundsRatioBoundsSingletons	1
RELOCATION	IsingModel.AmbientLattice.SpecialCases.HighTemperatureBoundsRatioBounds	12->IsingModel.AmbientLattice.SpecialCases.HighTemperatureBoundsRatioLogFe	1
RELOCATION	IsingModel.AmbientLattice.SpecialCases.HighTemperatureBoundsRatioBounds	2->HighTemperatureBoundsTripleRatio.lean	1
RELOCATION	IsingModel.AmbientLattice.SpecialCases.HighTemperatureBoundsRatioBounds	2->IsingModel.AmbientLattice.SpecialCases.HighTemperatureBoundsRatioBoundsBound	1
RELOCATION	IsingModel.AmbientLattice.SpecialCases.HighTemperatureBoundsRatioBounds	2->IsingModel.AmbientLattice.SpecialCases.HighTemperatureBoundsTripleRatio	1
RELOCATION	IsingModel.AmbientLattice.SpecialCases.HighTemperatureBoundsRatioBoundsBound	->IsingModel.AmbientLattice.SpecialCases.HighTemperatureBoundsRatioBoundsBoundFerro	1
RELOCATION	IsingModel.AmbientLattice.SpecialCases.HighTemperatureBoundsRatioBoundsBound	4->IsingModel.AmbientLattice.SpecialCases.HighTemperatureBoundsRatioBoundsBoundOnly	1
RELOCATION	IsingModel.AmbientLattice.SpecialCases.HighTemperatureBoundsRatioBoundsBoundOnly	->IsingModel.AmbientLattice.SpecialCases.HighTemperatureBoundsRatioBoundsBoundOnlyFerro	1
RELOCATION	IsingModel.AmbientLattice.SpecialCases.HighTemperatureBoundsRatioBoundsBoundOnly	2->IsingModel.AmbientLattice.SpecialCases.HighTemperatureBoundsRatioBoundsBoundOnlyFerro	1
RELOCATION	IsingModel.AmbientLattice.SpecialCases.HighTemperatureBoundsRatioLogFe	->IsingModel.AmbientLattice.SpecialCases.HighTemperatureBoundsRatioLogFeLogBound	1
RELOCATION	IsingModel.AmbientLattice.SpecialCases.HighTemperatureBoundsRatioLogFe	3->HighTemperatureBoundsRatioLogFeNonempty.lean	1
RELOCATION	IsingModel.AmbientLattice.SpecialCases.HighTemperatureBoundsRatioLogFeFreeEnergyBoundOnly	->IsingModel.AmbientLattice.SpecialCases.HighTemperatureBoundsRatioLogFeFreeEnergyBoundOnlyFerro	1
RELOCATION	IsingModel.AmbientLattice.SpecialCases.HighTemperatureBoundsRatioLogFeFreeEnergyBoundOnly	2->IsingModel.AmbientLattice.SpecialCases.HighTemperatureBoundsRatioLogFeFreeEnergyBoundOnlyFerro	1
RELOCATION	IsingModel.AmbientLattice.SpecialCases.HighTemperatureBoundsRatioLogFeNonempty	->IsingModel.AmbientLattice.SpecialCases.HighTemperatureBoundsRatioLogFeNonemptyZ	2
RELOCATION	IsingModel.AmbientLattice.SpecialCases.HighTemperatureCapstones	2->IsingModel.AmbientLattice.SpecialCases.HighTemperatureCapstonesFreeEnergy	1
RELOCATION	IsingModel.AmbientLattice.SpecialCases.HighTemperatureCapstones	2->IsingModel.AmbientLattice.SpecialCases.HighTemperatureCapstonesPartition	1
RELOCATION	IsingModel.AmbientLattice.SpecialCases.HighTemperatureTanh	2->IsingModel.AmbientLattice.SpecialCases.HighTemperatureTanhFerro	1
RELOCATION	IsingModel.AmbientLattice.SpecialCases.HighTemperatureVdSandwichFE	2->IsingModel.AmbientLattice.SpecialCases.HighTemperatureVdSandwichFEFerro	1
RELOCATION	IsingModel.AmbientLattice.SpecialCases.HighTemperatureVdSandwichFE	2->IsingModel.AmbientLattice.SpecialCases.HighTemperatureVdSandwichFreeEnergy	1
RELOCATION	IsingModel.AmbientLattice.SpecialCases.InfiniteVolume	2->IsingModel.AmbientLattice.SpecialCases.InfiniteVolumeTruncated4	1
RELOCATION	IsingModel.AmbientLattice.SpecialCases.JointAnalyticity	2->IsingModel.AmbientLattice.SpecialCases.JointAnalyticityMagnetization	1
RELOCATION	IsingModel.AmbientLattice.SpecialCases.JointAnalyticity	2->IsingModel.AmbientLattice.SpecialCases.JointAnalyticitySusceptibility	1
RELOCATION	IsingModel.AmbientLattice.SpecialCases.JointAnalyticity	4->JointAnalyticityPartitionFreeEnergy.lean	1
RELOCATION	IsingModel.AmbientLattice.SpecialCases.JointAnalyticityPartitionFreeEnergy	->IsingModel.AmbientLattice.SpecialCases.JointAnalyticityFreeEnergy	1
RELOCATION	IsingModel.AmbientLattice.SpecialCases.JointAnalyticityPartitionFreeEnergy	2->IsingModel.AmbientLattice.SpecialCases.JointAnalyticityFreeEnergy	1
RELOCATION	IsingModel.AmbientLattice.SpecialCases.JointRegularity	->IsingModel.AmbientLattice.SpecialCases.JointRegularityContinuousSusceptibility	1
RELOCATION	IsingModel.AmbientLattice.SpecialCases.JointRegularity	3->IsingModel.AmbientLattice.SpecialCases.JointRegularityDifferentiable	1
RELOCATION	IsingModel.AmbientLattice.SpecialCases.JointRegularity	6->IsingModel.AmbientLattice.SpecialCases.JointRegularityAt	1
RELOCATION	IsingModel.AmbientLattice.SpecialCases.JointRegularityAt	->IsingModel.AmbientLattice.SpecialCases.JointRegularityAtContinuousSusceptibility	1
RELOCATION	IsingModel.AmbientLattice.SpecialCases.JointRegularityAt	3->IsingModel.AmbientLattice.SpecialCases.JointRegularityAtDifferentiableAt	1
RELOCATION	IsingModel.AmbientLattice.SpecialCases.JointRegularityAtDifferentiableAt	->IsingModel.AmbientLattice.SpecialCases.JointRegularityAtDifferentiableAtSusceptibility	2
RELOCATION	IsingModel.AmbientLattice.SpecialCases.JointRegularityDifferentiable	->IsingModel.AmbientLattice.SpecialCases.JointRegularityDifferentiableSusceptibility	1
RELOCATION	IsingModel.AmbientLattice.SpecialCases.JointRegularityDifferentiable	2->IsingModel.AmbientLattice.SpecialCases.JointRegularityDifferentiableSusceptibility	1
RELOCATION	IsingModel.AmbientLattice.SpecialCases.MayerEpsilonInfrastructure	->IsingModel.AmbientLattice.SpecialCases.MayerEpsilonInfrastructureAllPolymers	1
RELOCATION	IsingModel.AmbientLattice.SpecialCases.MayerEpsilonInfrastructure	3->IsingModel.AmbientLattice.SpecialCases.MayerEpsilonInfrastructureVdSum	1
RELOCATION	IsingModel.AmbientLattice.SpecialCases.MayerEpsilonInfrastructureVdSum	->IsingModel.AmbientLattice.SpecialCases.MayerEpsilonInfrastructureVdSumEventually	2
RELOCATION	IsingModel.AmbientLattice.SpecialCases.MayerExpansionEdgeCases	->IsingModel.AmbientLattice.SpecialCases.MayerExpansionEdgeCasesAbsLe	1
RELOCATION	IsingModel.AmbientLattice.SpecialCases.MayerExpansionEdgeCases	3->IsingModel.AmbientLattice.SpecialCases.MayerExpansionEdgeCasesTwo	1
RELOCATION	IsingModel.AmbientLattice.SpecialCases.MayerExpansionEdgeCasesTwo	->IsingModel.AmbientLattice.SpecialCases.MayerExpansionEdgeCasesTwoPartialSum	2
RELOCATION	IsingModel.AmbientLattice.SpecialCases.MayerVdRegularity	->IsingModel.AmbientLattice.SpecialCases.MayerVdRegularityExpansionTerm	1
RELOCATION	IsingModel.AmbientLattice.SpecialCases.MayerVdRegularity	3->IsingModel.AmbientLattice.SpecialCases.MayerVdRegularityDifferentiable	1
RELOCATION	IsingModel.AmbientLattice.SpecialCases.MayerVdRegularity	4->IsingModel.AmbientLattice.SpecialCases.MayerVdRegularityVdPolymer	1
RELOCATION	IsingModel.AmbientLattice.SpecialCases.MayerVdRegularity	8->IsingModel.AmbientLattice.SpecialCases.MayerVdRegularityTanh	1
RELOCATION	IsingModel.AmbientLattice.SpecialCases.MayerVdRegularityDifferentiable	->IsingModel.AmbientLattice.SpecialCases.MayerVdRegularityDifferentiableExpansionTerm	2
RELOCATION	IsingModel.AmbientLattice.SpecialCases.MayerVdRegularityTanh	2->IsingModel.AmbientLattice.SpecialCases.MayerVdRegularityTanhDifferentiable	1
RELOCATION	IsingModel.AmbientLattice.SpecialCases.MayerVdRegularityTanh	4->IsingModel.AmbientLattice.SpecialCases.MayerVdRegularityTanhExpansionTerm	1
RELOCATION	IsingModel.AmbientLattice.SpecialCases.MayerVdRegularityTanhExpansionTerm	2->IsingModel.AmbientLattice.SpecialCases.MayerVdRegularityTanhExpansionTermDifferentiable	1
RELOCATION	IsingModel.AmbientLattice.SpecialCases.MayerVdRegularityVdPolymer	->IsingModel.AmbientLattice.SpecialCases.MayerVdRegularityVdPolymerHasDerivAt	1
RELOCATION	IsingModel.AmbientLattice.SpecialCases.MayerVdRegularityVdPolymer	4->IsingModel.AmbientLattice.SpecialCases.MayerVdRegularityVdPolymerTanh	1
RELOCATION	IsingModel.AmbientLattice.SpecialCases.MayerVdRegularityVdPolymerTanh	2->IsingModel.AmbientLattice.SpecialCases.MayerVdRegularityVdPolymerTanhDifferentiable	1
RELOCATION	IsingModel.AmbientLattice.SpecialCases.PartitionFreeEnergyPointwiseRegularity	2->IsingModel.AmbientLattice.SpecialCases.PartitionFreeEnergyPointwiseRegularityJoint	1
RELOCATION	IsingModel.AmbientLattice.SpecialCases.PartitionFreeEnergyPointwiseRegularity	4->PartitionFreeEnergyPointwiseRegularityHZero.lean	1
RELOCATION	IsingModel.AmbientLattice.SpecialCases.PartitionFreeEnergyPointwiseRegularity	4->PartitionFreeEnergyPointwiseRegularityPartitionGeneralH.lean	1
RELOCATION	IsingModel.AmbientLattice.SpecialCases.PartitionFreeEnergyPointwiseRegularity	8->PartitionFreeEnergyPointwiseRegularityFE.lean	1
RELOCATION	IsingModel.AmbientLattice.SpecialCases.PartitionFreeEnergyPointwiseRegularityFE	6->IsingModel.AmbientLattice.SpecialCases.PartitionFreeEnergyPointwiseRegularityFENonJoint	1
RELOCATION	IsingModel.AmbientLattice.SpecialCases.PartitionFreeEnergyPointwiseRegularityFENonJoint	->IsingModel.AmbientLattice.SpecialCases.PartitionFreeEnergyPointwiseRegularityFENonJointBeta	1
RELOCATION	IsingModel.AmbientLattice.SpecialCases.PartitionFreeEnergyPointwiseRegularityFENonJoint	3->IsingModel.AmbientLattice.SpecialCases.	1
RELOCATION	IsingModel.AmbientLattice.SpecialCases.PartitionFreeEnergyPointwiseRegularityFENonJointDifferentiableAt	->?	2
RELOCATION	IsingModel.AmbientLattice.SpecialCases.PartitionFreeEnergyPointwiseRegularityHZero	2->IsingModel.AmbientLattice.SpecialCases.	1
RELOCATION	IsingModel.AmbientLattice.SpecialCases.PartitionFreeEnergyPointwiseRegularityPartitionGeneralH	2->IsingModel.AmbientLattice.SpecialCases.	1
RELOCATION	IsingModel.AmbientLattice.SpecialCases.PartitionFreeEnergyRegularity	->IsingModel.AmbientLattice.SpecialCases.PartitionFreeEnergyRegularityH	1
RELOCATION	IsingModel.AmbientLattice.SpecialCases.PartitionFreeEnergyRegularity	3->IsingModel.AmbientLattice.SpecialCases.PartitionFreeEnergyRegularityDifferentiable	1
RELOCATION	IsingModel.AmbientLattice.SpecialCases.PartitionFreeEnergyRegularity	8->PartitionFreeEnergyRegularityFE.lean	1
RELOCATION	IsingModel.AmbientLattice.SpecialCases.PartitionFreeEnergyRegularityDifferentiable	->IsingModel.AmbientLattice.SpecialCases.PartitionFreeEnergyRegularityDifferentiableH	2
RELOCATION	IsingModel.AmbientLattice.SpecialCases.PartitionFreeEnergyRegularityFE	->IsingModel.AmbientLattice.SpecialCases.PartitionFreeEnergyRegularityFEJoint	2
RELOCATION	IsingModel.AmbientLattice.SpecialCases.PartitionFreeEnergyRegularityFE	4->IsingModel.AmbientLattice.SpecialCases.PartitionFreeEnergyRegularityFEDifferentiable	1
RELOCATION	IsingModel.AmbientLattice.SpecialCases.PartitionFreeEnergyRegularityFEDifferentiable	->IsingModel.AmbientLattice.SpecialCases.PartitionFreeEnergyRegularityFEDifferentiableJoint	2
RELOCATION	IsingModel.AmbientLattice.SpecialCases.PartitionFunctionClosedForms	->IsingModel.AmbientLattice.SpecialCases.PartitionFunctionClosedFormsLogJZero	1
RELOCATION	IsingModel.AmbientLattice.SpecialCases.PartitionFunctionClosedForms	3->IsingModel.AmbientLattice.SpecialCases.PartitionFunctionClosedFormsPartition	1
RELOCATION	IsingModel.AmbientLattice.SpecialCases.PartitionFunctionClosedFormsPartition	->IsingModel.AmbientLattice.SpecialCases.PartitionFunctionClosedFormsPartitionJZero	2
RELOCATION	IsingModel.AmbientLattice.SpecialCases.PolymerFreeEnergyAnalyticity	->IsingModel.AmbientLattice.SpecialCases.PolymerFreeEnergyAnalyticityTanh	1
RELOCATION	IsingModel.AmbientLattice.SpecialCases.PolymerFreeEnergyAnalyticityTanh	2->IsingModel.AmbientLattice.SpecialCases.PolymerFreeEnergyAnalyticityTanhOnNhd	2
RELOCATION	IsingModel.AmbientLattice.SpecialCases.PolymerFreeEnergyBounds	->IsingModel.AmbientLattice.SpecialCases.PolymerFreeEnergyBoundsMonotoneOn	1
RELOCATION	IsingModel.AmbientLattice.SpecialCases.PolymerFreeEnergyBounds	2->IsingModel.AmbientLattice.SpecialCases.PolymerFreeEnergyBoundsEdgeCases	1
RELOCATION	IsingModel.AmbientLattice.SpecialCases.PolymerFreeEnergyBounds	3->PolymerFreeEnergyBoundsNonneg.lean	1
RELOCATION	IsingModel.AmbientLattice.SpecialCases.PolymerFreeEnergyBounds	4->PolymerFreeEnergyBoundsRegularity.lean	1
RELOCATION	IsingModel.AmbientLattice.SpecialCases.PolymerFreeEnergyBounds	4->PolymerFreeEnergyBoundsTanh.lean	1
RELOCATION	IsingModel.AmbientLattice.SpecialCases.PolymerFreeEnergyBoundsNonneg	->IsingModel.AmbientLattice.SpecialCases.PolymerFreeEnergyBoundsNonnegBase	2
RELOCATION	IsingModel.AmbientLattice.SpecialCases.PolymerFreeEnergyBoundsRegularity	2->IsingModel.AmbientLattice.SpecialCases.PolymerFreeEnergyBoundsRegularityOn	1
RELOCATION	IsingModel.AmbientLattice.SpecialCases.PolymerFreeEnergyBoundsTanh	2->IsingModel.AmbientLattice.SpecialCases.PolymerFreeEnergyBoundsTanhLogTwo	1
RELOCATION	IsingModel.AmbientLattice.SpecialCases.PolymerFreeEnergyEpsilonSharpening	->IsingModel.AmbientLattice.SpecialCases.PolymerFreeEnergyEpsilonSharpeningPFE	1
RELOCATION	IsingModel.AmbientLattice.SpecialCases.PolymerFreeEnergyEpsilonSharpeningPFE	->IsingModel.AmbientLattice.SpecialCases.PolymerFreeEnergyEpsilonSharpeningPFELtPow	2
RELOCATION	IsingModel.AmbientLattice.SpecialCases.PolymerFreeEnergyHighTemperatureBounds	->IsingModel.AmbientLattice.SpecialCases.PolymerFreeEnergyHighTemperatureBoundsMonotone	1
RELOCATION	IsingModel.AmbientLattice.SpecialCases.PolymerFreeEnergyHighTemperatureBounds	->IsingModel.AmbientLattice.SpecialCases.PolymerFreeEnergyHighTemperatureBoundsTanh	1
RELOCATION	IsingModel.AmbientLattice.SpecialCases.PolymerFreeEnergyHighTemperatureBoundsTanh	->IsingModel.AmbientLattice.SpecialCases.PolymerFreeEnergyHighTemperatureBoundsTanhLtLog2	2
RELOCATION	IsingModel.AmbientLattice.SpecialCases.PolymerFreeEnergyTanhBounds	->IsingModel.AmbientLattice.SpecialCases.PolymerFreeEnergyTanhBoundsHasDerivAt	1
RELOCATION	IsingModel.AmbientLattice.SpecialCases.PolymerFreeEnergyTanhBounds	3->IsingModel.AmbientLattice.SpecialCases.PolymerFreeEnergyTanhBoundsFerro	1
RELOCATION	IsingModel.AmbientLattice.SpecialCases.PolymerFreeEnergyTanhBoundsFerro	->IsingModel.AmbientLattice.SpecialCases.PolymerFreeEnergyTanhBoundsFerroSandwich	2
RELOCATION	IsingModel.AmbientLattice.SpecialCases.PolymerFreeEnergyTanhSharpening	2->IsingModel.AmbientLattice.SpecialCases.PolymerFreeEnergyTanhSharpeningStrictMono	1
RELOCATION	IsingModel.AmbientLattice.SpecialCases.PolymerFreeEnergyTanhSharpening	5->IsingModel.AmbientLattice.SpecialCases.PolymerFreeEnergyTanhSharpeningIff	1
RELOCATION	IsingModel.AmbientLattice.SpecialCases.PolymerFreeEnergyTanhSharpeningIff	->IsingModel.AmbientLattice.SpecialCases.PolymerFreeEnergyTanhSharpeningIffLtEps	1
RELOCATION	IsingModel.AmbientLattice.SpecialCases.PolymerFreeEnergyTanhSharpeningIff	2->IsingModel.AmbientLattice.SpecialCases.PolymerFreeEnergyTanhSharpeningIffEpsPos	1
RELOCATION	IsingModel.AmbientLattice.SpecialCases.SusceptibilityPointwiseRegularity	->IsingModel.AmbientLattice.SpecialCases.SusceptibilityPointwiseRegularityContinuousBeta	1
RELOCATION	IsingModel.AmbientLattice.SpecialCases.SusceptibilityPointwiseRegularity	3->IsingModel.AmbientLattice.SpecialCases.SusceptibilityPointwiseRegularityDifferentiable	1
RELOCATION	IsingModel.AmbientLattice.SpecialCases.SusceptibilityPointwiseRegularity	6->IsingModel.AmbientLattice.SpecialCases.SusceptibilityPointwiseRegularityAt	1
RELOCATION	IsingModel.AmbientLattice.SpecialCases.SusceptibilityPointwiseRegularityAt	->IsingModel.AmbientLattice.SpecialCases.SusceptibilityPointwiseRegularityAtContinuousAtBeta	1
RELOCATION	IsingModel.AmbientLattice.SpecialCases.SusceptibilityPointwiseRegularityAt	3->IsingModel.AmbientLattice.SpecialCases.	1
RELOCATION	IsingModel.AmbientLattice.SpecialCases.SusceptibilityPointwiseRegularityAtDifferentiableAt	->IsingModel.AmbientLattice.SpecialCases.SusceptibilityPointwiseRegularityAtDifferentiableAtBeta	1
RELOCATION	IsingModel.AmbientLattice.SpecialCases.SusceptibilityPointwiseRegularityDifferentiable	->IsingModel.AmbientLattice.SpecialCases.SusceptibilityPointwiseRegularityDifferentiableBeta	1
RELOCATION	IsingModel.AmbientLattice.SpecialCases.SusceptibilityPointwiseRegularityDifferentiable	2->IsingModel.AmbientLattice.SpecialCases.SusceptibilityPointwiseRegularityDifferentiableBeta	1
RELOCATION	IsingModel.AmbientLattice.SpecialCases.VdPolymerFamiliesAnalyticity	2->IsingModel.AmbientLattice.SpecialCases.VdPolymerFamiliesAnalyticityTanh	1
RELOCATION	IsingModel.AmbientLattice.SpecialCases.VdPolymerFamiliesAnalyticity	4->VdPolymerFamiliesAnalyticityLog.lean	1
RELOCATION	IsingModel.AmbientLattice.SpecialCases.VdPolymerFamiliesAnalyticityLog	2->IsingModel.AmbientLattice.SpecialCases.VdPolymerFamiliesAnalyticityLogTanh	1
RELOCATION	IsingModel.AmbientLatticeSum.LambdaSuperadditivity	12->IsingModel.AmbientLatticeSumGeFerromagnetic	1
RELOCATION	IsingModel.AmbientLatticeSum.LambdaSuperadditivity	13->IsingModel.AmbientLatticeSumFreeEnergy	1
RELOCATION	IsingModel.AmbientLatticeSum.TendstoAtTop	6->IsingModel.AmbientLatticeSumFInfHSymMono	1
RELOCATION	IsingModel.AmbientLatticeSum.TrivialSlices	14->IsingModel.AmbientLatticeSumLogZ	1
RELOCATION	IsingModel.Concrete.LatticeGraphCorrelation.Base	->IsingModel.Concrete.LatticeGraphCorrelation.BaseCorrelationAlongEx	1
RELOCATION	IsingModel.Concrete.LatticeGraphCorrelation.Base	2->IsingModel.Concrete.LatticeGraphCorrelation.BaseSpontaneousCorrelation	1
RELOCATION	IsingModel.Concrete.LatticeGraphCorrelation.Base	3->IsingModel.Concrete.LatticeGraphCorrelation.BaseApply	1
RELOCATION	IsingModel.Concrete.LatticeGraphCorrelation.Base	4->BaseCorrelationBounds.lean	1
RELOCATION	IsingModel.Concrete.LatticeGraphCorrelation.Base	4->IsingModel.Concrete.LatticeGraphCorrelation.BaseCorrelationAlongExBounds	1
RELOCATION	IsingModel.Concrete.LatticeGraphCorrelation.Base	4->IsingModel.Concrete.LatticeGraphCorrelation.BaseMonotoneAmbientSubgraph	1
RELOCATION	IsingModel.Concrete.LatticeGraphCorrelation.BaseCorrelationAlongEx	3->BaseCorrelationAlongExSubsetMono.lean	1
RELOCATION	IsingModel.Concrete.LatticeGraphCorrelation.Complex	->IsingModel.Concrete.LatticeGraphCorrelation.ComplexBranchEntire	1
RELOCATION	IsingModel.Concrete.LatticeGraphCorrelation.Complex	->IsingModel.Concrete.LatticeGraphCorrelation.ComplexIsingPoly	1
RELOCATION	IsingModel.Concrete.LatticeGraphCorrelation.Complex	->IsingModel.Concrete.LatticeGraphCorrelation.ComplexRestrictions	1
RELOCATION	IsingModel.Concrete.LatticeGraphCorrelation.Complex	11->IsingModel.Concrete.LatticeGraphCorrelation.ComplexBranches	1
RELOCATION	IsingModel.Concrete.LatticeGraphCorrelation.Complex	12->IsingModel.Concrete.LatticeGraphCorrelation.ComplexAnalyticityBasic	1
RELOCATION	IsingModel.Concrete.LatticeGraphCorrelation.Complex	15->IsingModel.Concrete.LatticeGraphCorrelation.ComplexContinuityNorm	1
RELOCATION	IsingModel.Concrete.LatticeGraphCorrelation.Complex	15->IsingModel.Concrete.LatticeGraphCorrelation.ComplexSlitPlane	1
RELOCATION	IsingModel.Concrete.LatticeGraphCorrelation.Complex	22->IsingModel.Concrete.LatticeGraphCorrelation.ComplexRealCompat	1
RELOCATION	IsingModel.Concrete.LatticeGraphCorrelation.ComplexAnalyticityBasic	3->ComplexAnalyticityBasicFreeEnergySingle.lean	1
RELOCATION	IsingModel.Concrete.LatticeGraphCorrelation.ComplexAnalyticityBasic	3->ComplexAnalyticityBasicPartitionSingle.lean	1
RELOCATION	IsingModel.Concrete.LatticeGraphCorrelation.ComplexAnalyticityBasic	4->ComplexAnalyticityBasicReal.lean	1
RELOCATION	IsingModel.Concrete.LatticeGraphCorrelation.ComplexBranchEntire	->ComplexBranchEntirePartition.lean	1
RELOCATION	IsingModel.Concrete.LatticeGraphCorrelation.ComplexBranchEntire	3->ComplexBranchEntireContinuity.lean	1
RELOCATION	IsingModel.Concrete.LatticeGraphCorrelation.ComplexBranchEntire	4->ComplexBranchEntirePartition.lean	1
RELOCATION	IsingModel.Concrete.LatticeGraphCorrelation.ComplexBranches	->ComplexBranchesFreeEnergyBall.lean	1
RELOCATION	IsingModel.Concrete.LatticeGraphCorrelation.ComplexBranches	->ComplexBranchesLogZ.lean	1
RELOCATION	IsingModel.Concrete.LatticeGraphCorrelation.ComplexBranches	2->ComplexBranchesFreeEnergyBall.lean	1
RELOCATION	IsingModel.Concrete.LatticeGraphCorrelation.ComplexContinuityNorm	->ComplexContinuityNormContinuous.lean	1
RELOCATION	IsingModel.Concrete.LatticeGraphCorrelation.ComplexContinuityNorm	3->ComplexContinuityNormFreeEnergyLeeYang.lean	1
RELOCATION	IsingModel.Concrete.LatticeGraphCorrelation.ComplexContinuityNorm	4->ComplexContinuityNormNorm.lean	1
RELOCATION	IsingModel.Concrete.LatticeGraphCorrelation.ComplexIsingPoly	->ComplexIsingPolyLeeYangAndLogZ.lean	1
RELOCATION	IsingModel.Concrete.LatticeGraphCorrelation.ComplexIsingPoly	3->ComplexIsingPolyFactorization.lean	1
RELOCATION	IsingModel.Concrete.LatticeGraphCorrelation.ComplexRealCompat	->ComplexRealCompatAtReal.lean	1
RELOCATION	IsingModel.Concrete.LatticeGraphCorrelation.ComplexRealCompat	->ComplexRealCompatLeeYangSubdomain.lean	1
RELOCATION	IsingModel.Concrete.LatticeGraphCorrelation.ComplexRealCompat	3->ComplexRealCompatLeeYangDomain.lean	1
RELOCATION	IsingModel.Concrete.LatticeGraphCorrelation.ComplexRealCompatAtReal	->ComplexRealCompatAtRealImZero.lean	1
RELOCATION	IsingModel.Concrete.LatticeGraphCorrelation.ComplexRestrictions	->ComplexRestrictionsLeeYangIsOpen.lean	1
RELOCATION	IsingModel.Concrete.LatticeGraphCorrelation.ComplexRestrictions	3->ComplexRestrictionsFreeEnergyRealCoe.lean	1
RELOCATION	IsingModel.Concrete.LatticeGraphCorrelation.ComplexRestrictions	3->ComplexRestrictionsRealParams.lean	1
RELOCATION	IsingModel.Concrete.LatticeGraphCorrelation.ComplexRestrictions	4->ComplexRestrictionsRestrict.lean	1
RELOCATION	IsingModel.Concrete.LatticeGraphCorrelation.ComplexSlitPlane	->ComplexSlitPlaneJointLocus.lean	1
RELOCATION	IsingModel.Concrete.LatticeGraphCorrelation.ComplexSlitPlane	->ComplexSlitPlaneLogZBranch.lean	1
RELOCATION	IsingModel.Concrete.LatticeGraphCorrelation.ComplexSlitPlane	3->ComplexSlitPlaneLocusOn.lean	1
RELOCATION	IsingModel.Concrete.LatticeGraphCorrelation.CorrelationDecay	3->CorrelationDecayClusterProperty.lean	1
RELOCATION	IsingModel.Concrete.LatticeGraphCorrelation.CorrelationExhaustionLimits	->CorrelationExhaustionLimitsAlongExhaustion.lean	1
RELOCATION	IsingModel.Concrete.LatticeGraphCorrelation.CorrelationExhaustionLimits	->CorrelationExhaustionLimitsBounds.lean	1
RELOCATION	IsingModel.Concrete.LatticeGraphCorrelation.CorrelationExhaustionLimits	3->CorrelationExhaustionLimitsCubicMonotone.lean	1
RELOCATION	IsingModel.Concrete.LatticeGraphCorrelation.CorrelationExhaustionLimitsBounds	2->CorrelationExhaustionLimitsBoundsCubic.lean	2
RELOCATION	IsingModel.Concrete.LatticeGraphCorrelation.CorrelationSymmetry	3->CorrelationSymmetryTruncatedNegH.lean	1
RELOCATION	IsingModel.Concrete.LatticeGraphCorrelation.CorrelationSymmetry	4->CorrelationSymmetrySusceptibility.lean	1
RELOCATION	IsingModel.Concrete.LatticeGraphCorrelation.CubicPseudoMassBasic	->CubicPseudoMassBasicIff.lean	1
RELOCATION	IsingModel.Concrete.LatticeGraphCorrelation.CubicPseudoMassBasicIff	->CubicPseudoMassBasicIffStrict.lean	2
RELOCATION	IsingModel.Concrete.LatticeGraphCorrelation.CubicPseudoMassClusterSummability	->CubicPseudoMassClusterSummabilitySummable.lean	1
RELOCATION	IsingModel.Concrete.LatticeGraphCorrelation.CubicPseudoMassNamedRate	->CubicPseudoMassNamedRateLeHighTempRate.lean	1
RELOCATION	IsingModel.Concrete.LatticeGraphCorrelation.CubicPseudoMassNamedRate	2->CubicPseudoMassNamedRateLatticeMass.lean	1
RELOCATION	IsingModel.Concrete.LatticeGraphCorrelation.CubicPseudoMassNamedRate	4->CubicPseudoMassNamedRatePos.lean	1
RELOCATION	IsingModel.Concrete.LatticeGraphCorrelation.CubicPseudoMassNamedRate	5->CubicPseudoMassNamedRateCubicCorrMem.lean	1
RELOCATION	IsingModel.Concrete.LatticeGraphCorrelation.CubicPseudoMassNamedRateCorr	->CubicPseudoMassNamedRateCorrENNReal.lean	1
RELOCATION	IsingModel.Concrete.LatticeGraphCorrelation.CubicPseudoMassNamedRateCorr	->CubicPseudoMassNamedRateCorrMem.lean	1
RELOCATION	IsingModel.Concrete.LatticeGraphCorrelation.CubicPseudoMassNamedRateCorr	->CubicPseudoMassNamedRateCorrPos.lean	1
RELOCATION	IsingModel.Concrete.LatticeGraphCorrelation.CubicPseudoMassNamedRateCorr	5->CubicPseudoMassNamedRateCorrDecay.lean	1
RELOCATION	IsingModel.Concrete.LatticeGraphCorrelation.CubicPseudoMassNamedRateCubicCorrMem	->IsingModel.Concrete.LatticeGraphCorrelation.CubicPseudoMassNamedRateCorr	1
RELOCATION	IsingModel.Concrete.LatticeGraphCorrelation.CubicPseudoMassNamedRateLeHighTempRate	->CubicPseudoMassNamedRateLeHighTempRatePos.lean	1
RELOCATION	IsingModel.Concrete.LatticeGraphCorrelation.CubicPseudoMassTanhProfile	->CubicPseudoMassTanhProfileCubicPair.lean	1
RELOCATION	IsingModel.Concrete.LatticeGraphCorrelation.CubicPseudoMassTanhProfile	5->CubicPseudoMassTanhProfileLatticeMass.lean	1
RELOCATION	IsingModel.Concrete.LatticeGraphCorrelation.EnergyClosedForms	3->EnergyClosedFormsPartitionBounds.lean	1
RELOCATION	IsingModel.Concrete.LatticeGraphCorrelation.EnergyClosedForms	5->EnergyClosedFormsHamiltonian.lean	1
RELOCATION	IsingModel.Concrete.LatticeGraphCorrelation.EnergyClosedForms	5->EnergyClosedFormsSpinProductAndBot.lean	1
RELOCATION	IsingModel.Concrete.LatticeGraphCorrelation.FiniteVolumeBasics	4->FiniteVolumeBasicsSpin.lean	1
RELOCATION	IsingModel.Concrete.LatticeGraphCorrelation.FiniteVolumeBasics	5->FiniteVolumeBasicsHamiltonian.lean	1
RELOCATION	IsingModel.Concrete.LatticeGraphCorrelation.FiniteVolumeBasics	5->FiniteVolumeBasicsWalsh.lean	1
RELOCATION	IsingModel.Concrete.LatticeGraphCorrelation.FiniteVolumeCorrelationInequalities	3->FiniteVolumeCorrelationInequalitiesTruncated4.lean	1
RELOCATION	IsingModel.Concrete.LatticeGraphCorrelation.FiniteVolumeCorrelationInequalities	4->FiniteVolumeCorrelationInequalitiesTrivialSlice.lean	1
RELOCATION	IsingModel.Concrete.LatticeGraphCorrelation.FiniteVolumeCorrelationMonotonicity	3->FiniteVolumeCorrelationMonotonicityConvergent.lean	1
RELOCATION	IsingModel.Concrete.LatticeGraphCorrelation.FiniteVolumeCorrelationMonotonicity	3->FiniteVolumeCorrelationMonotonicityMonotone.lean	1
RELOCATION	IsingModel.Concrete.LatticeGraphCorrelation.FiniteVolumeEnergyBounds	3->FiniteVolumeEnergyBoundsPartition.lean	1
RELOCATION	IsingModel.Concrete.LatticeGraphCorrelation.FiniteVolumePartition	3->FiniteVolumePartitionMonotone.lean	1
RELOCATION	IsingModel.Concrete.LatticeGraphCorrelation.FiniteVolumePartitionBounds	->FiniteVolumePartitionBoundsFerromagneticPow.lean	1
RELOCATION	IsingModel.Concrete.LatticeGraphCorrelation.FiniteVolumePartitionBounds	3->FiniteVolumePartitionBoundsFerromagnetic.lean	1
RELOCATION	IsingModel.Concrete.LatticeGraphCorrelation.FreeEnergyAnalyticity	3->FreeEnergyAnalyticityAlongExOnNhdGeneralH.lean	1
RELOCATION	IsingModel.Concrete.LatticeGraphCorrelation.FreeEnergySpecialCases	12->IsingModel.Concrete.LatticeGraphCorrelation.FreeEnergySpecialCasesLambda	1
RELOCATION	IsingModel.Concrete.LatticeGraphCorrelation.FreeEnergySpecialCasesLambda	3->FreeEnergySpecialCasesLambdaAbsH.lean	1
RELOCATION	IsingModel.Concrete.LatticeGraphCorrelation.FreeEnergySpecialCasesLambda	3->FreeEnergySpecialCasesLambdaClosedForms.lean	1
RELOCATION	IsingModel.Concrete.LatticeGraphCorrelation.FreeEnergySpecialCasesLambda	3->FreeEnergySpecialCasesLambdaMonotone.lean	1
RELOCATION	IsingModel.Concrete.LatticeGraphCorrelation.HighTemperature	->HighTemperatureAlongEx.lean	1
RELOCATION	IsingModel.Concrete.LatticeGraphCorrelation.HighTemperature	->HighTemperatureFerromagnetic.lean	1
RELOCATION	IsingModel.Concrete.LatticeGraphCorrelation.HighTemperature	4->HighTemperatureFreeEnergyCorrection.lean	1
RELOCATION	IsingModel.Concrete.LatticeGraphCorrelation.HighTemperature	4->HighTemperatureVDPolymer.lean	1
RELOCATION	IsingModel.Concrete.LatticeGraphCorrelation.HighTemperatureBounds	->HighTemperatureBoundsNumerator.lean	1
RELOCATION	IsingModel.Concrete.LatticeGraphCorrelation.HighTemperatureBounds	->IsingModel.Concrete.LatticeGraphCorrelation.HighTemperatureBoundsAlongExClosedLower	1
RELOCATION	IsingModel.Concrete.LatticeGraphCorrelation.HighTemperatureBounds	->IsingModel.Concrete.LatticeGraphCorrelation.HighTemperatureBoundsAlongExSubset	1
RELOCATION	IsingModel.Concrete.LatticeGraphCorrelation.HighTemperatureBounds	->IsingModel.Concrete.LatticeGraphCorrelation.HighTemperatureBoundsAlongExhaustionBasic	1
RELOCATION	IsingModel.Concrete.LatticeGraphCorrelation.HighTemperatureBounds	->IsingModel.Concrete.LatticeGraphCorrelation.HighTemperatureBoundsAlongExhaustionExpSharper	1
RELOCATION	IsingModel.Concrete.LatticeGraphCorrelation.HighTemperatureBounds	->IsingModel.Concrete.LatticeGraphCorrelation.HighTemperatureBoundsCorrelationBasic	1
RELOCATION	IsingModel.Concrete.LatticeGraphCorrelation.HighTemperatureBounds	->IsingModel.Concrete.LatticeGraphCorrelation.HighTemperatureBoundsCorrelationPair	1
RELOCATION	IsingModel.Concrete.LatticeGraphCorrelation.HighTemperatureBounds	->IsingModel.Concrete.LatticeGraphCorrelation.HighTemperatureBoundsDecayCapstones	1
RELOCATION	IsingModel.Concrete.LatticeGraphCorrelation.HighTemperatureBounds	->IsingModel.Concrete.LatticeGraphCorrelation.HighTemperatureBoundsDeviation	1
RELOCATION	IsingModel.Concrete.LatticeGraphCorrelation.HighTemperatureBounds	->IsingModel.Concrete.LatticeGraphCorrelation.HighTemperatureBoundsExpSharper	1
RELOCATION	IsingModel.Concrete.LatticeGraphCorrelation.HighTemperatureBounds	->IsingModel.Concrete.LatticeGraphCorrelation.HighTemperatureBoundsExpansion	1
RELOCATION	IsingModel.Concrete.LatticeGraphCorrelation.HighTemperatureBounds	->IsingModel.Concrete.LatticeGraphCorrelation.HighTemperatureBoundsFreeEnergyInfinite	1
RELOCATION	IsingModel.Concrete.LatticeGraphCorrelation.HighTemperatureBounds	->IsingModel.Concrete.LatticeGraphCorrelation.HighTemperatureBoundsRatioBounds	1
RELOCATION	IsingModel.Concrete.LatticeGraphCorrelation.HighTemperatureBounds	12->IsingModel.Concrete.LatticeGraphCorrelation.HighTemperatureBoundsRatioLogFe	1
RELOCATION	IsingModel.Concrete.LatticeGraphCorrelation.HighTemperatureBounds	14->IsingModel.Concrete.LatticeGraphCorrelation.HighTemperatureBoundsAlongExhaustionRatioLogFe	1
RELOCATION	IsingModel.Concrete.LatticeGraphCorrelation.HighTemperatureBounds	2->IsingModel.Concrete.LatticeGraphCorrelation.HighTemperatureBoundsAlongExCompleteSummary	1
RELOCATION	IsingModel.Concrete.LatticeGraphCorrelation.HighTemperatureBounds	2->IsingModel.Concrete.LatticeGraphCorrelation.HighTemperatureBoundsLambdaCompleteSummary	1
RELOCATION	IsingModel.Concrete.LatticeGraphCorrelation.HighTemperatureBounds	4->IsingModel.Concrete.LatticeGraphCorrelation.HighTemperatureBoundsAlongExDeviationContinuity	1
RELOCATION	IsingModel.Concrete.LatticeGraphCorrelation.HighTemperatureBounds	4->IsingModel.Concrete.LatticeGraphCorrelation.HighTemperatureBoundsAlongExhaustionTripleRatio	1
RELOCATION	IsingModel.Concrete.LatticeGraphCorrelation.HighTemperatureBounds	4->IsingModel.Concrete.LatticeGraphCorrelation.HighTemperatureBoundsTripleRatio	1
RELOCATION	IsingModel.Concrete.LatticeGraphCorrelation.HighTemperatureBoundsAlongExBasicCorrelation	2->HighTemperatureBoundsAlongExBasicCorrelationBounds.lean	1
RELOCATION	IsingModel.Concrete.LatticeGraphCorrelation.HighTemperatureBoundsAlongExBasicTrivial	4->HighTemperatureBoundsAlongExBasicTrivialSlices.lean	1
RELOCATION	IsingModel.Concrete.LatticeGraphCorrelation.HighTemperatureBoundsAlongExExpSharperCompleteSummary	3->HighTemperatureBoundsAlongExExpSharperCompleteSummaryFerro.lean	1
RELOCATION	IsingModel.Concrete.LatticeGraphCorrelation.HighTemperatureBoundsAlongExhaustionBasic	->IsingModel.Concrete.LatticeGraphCorrelation.HighTemperatureBoundsAlongExBasicCorrelation	1
RELOCATION	IsingModel.Concrete.LatticeGraphCorrelation.HighTemperatureBoundsAlongExhaustionBasic	2->HighTemperatureBoundsAlongExhaustionBasicPairPositive.lean	1
RELOCATION	IsingModel.Concrete.LatticeGraphCorrelation.HighTemperatureBoundsAlongExhaustionBasic	3->HighTemperatureBoundsAlongExBasicPairSingletonBundles.lean	1
RELOCATION	IsingModel.Concrete.LatticeGraphCorrelation.HighTemperatureBoundsAlongExhaustionBasic	6->IsingModel.Concrete.LatticeGraphCorrelation.HighTemperatureBoundsAlongExBasicTrivial	1
RELOCATION	IsingModel.Concrete.LatticeGraphCorrelation.HighTemperatureBoundsAlongExhaustionDeviation	->HighTemperatureBoundsAlongExDeviationContinuity.lean	1
RELOCATION	IsingModel.Concrete.LatticeGraphCorrelation.HighTemperatureBoundsAlongExhaustionDeviation	2->HighTemperatureBoundsAlongExRelativeSandwich.lean	1
RELOCATION	IsingModel.Concrete.LatticeGraphCorrelation.HighTemperatureBoundsAlongExhaustionDeviation	2->HighTemperatureBoundsAlongExStrictDeviation.lean	1
RELOCATION	IsingModel.Concrete.LatticeGraphCorrelation.HighTemperatureBoundsAlongExhaustionDeviation	4->HighTemperatureBoundsAlongExDeviationPos.lean	1
RELOCATION	IsingModel.Concrete.LatticeGraphCorrelation.HighTemperatureBoundsAlongExhaustionDeviation	4->HighTemperatureBoundsAlongExDeviationSandwich.lean	1
RELOCATION	IsingModel.Concrete.LatticeGraphCorrelation.HighTemperatureBoundsAlongExhaustionExpSharper	->IsingModel.Concrete.LatticeGraphCorrelation.HighTemperatureBoundsAlongExExpSharperCompleteSummary	1
RELOCATION	IsingModel.Concrete.LatticeGraphCorrelation.HighTemperatureBoundsAlongExhaustionExpSharper	3->IsingModel.Concrete.LatticeGraphCorrelation.HighTemperatureBoundsAlongExhaustionExpSharperFerro	1
RELOCATION	IsingModel.Concrete.LatticeGraphCorrelation.HighTemperatureBoundsAlongExhaustionExpSharper	4->IsingModel.Concrete.LatticeGraphCorrelation.HighTemperatureBoundsAlongExExpSharperSandwich	1
RELOCATION	IsingModel.Concrete.LatticeGraphCorrelation.HighTemperatureBoundsAlongExhaustionRatioBounds	12->IsingModel.Concrete.LatticeGraphCorrelation.HighTemperatureBoundsAlongExhaustionRatioLogFe	1
RELOCATION	IsingModel.Concrete.LatticeGraphCorrelation.HighTemperatureBoundsAlongExhaustionRatioBounds	2->HighTemperatureBoundsAlongExRatioBoundBundle.lean	1
RELOCATION	IsingModel.Concrete.LatticeGraphCorrelation.HighTemperatureBoundsAlongExhaustionRatioBounds	2->HighTemperatureBoundsAlongExRatioSandwichBundle.lean	1
RELOCATION	IsingModel.Concrete.LatticeGraphCorrelation.HighTemperatureBoundsAlongExhaustionRatioBounds	4->HighTemperatureBoundsAlongExRatioBoundSlices.lean	1
RELOCATION	IsingModel.Concrete.LatticeGraphCorrelation.HighTemperatureBoundsAlongExhaustionRatioBounds	4->IsingModel.Concrete.LatticeGraphCorrelation.HighTemperatureBoundsAlongExhaustionTripleRatio	1
RELOCATION	IsingModel.Concrete.LatticeGraphCorrelation.HighTemperatureBoundsAlongExhaustionRatioLogFe	2->HighTemperatureBoundsAlongExhaustionRatioLogFeDeviation.lean	1
RELOCATION	IsingModel.Concrete.LatticeGraphCorrelation.HighTemperatureBoundsAlongExhaustionRatioLogFe	4->HighTemperatureBoundsAlongExRatioLogFeBound.lean	1
RELOCATION	IsingModel.Concrete.LatticeGraphCorrelation.HighTemperatureBoundsCorrelationBasic	4->HighTemperatureBoundsCorrelationBasicBundles.lean	1
RELOCATION	IsingModel.Concrete.LatticeGraphCorrelation.HighTemperatureBoundsCorrelationBasic	4->HighTemperatureBoundsCorrelationBasicTrivialSlices.lean	1
RELOCATION	IsingModel.Concrete.LatticeGraphCorrelation.HighTemperatureBoundsCorrelationPair	->HighTemperatureBoundsCorrelationPairCorollaries.lean	1
RELOCATION	IsingModel.Concrete.LatticeGraphCorrelation.HighTemperatureBoundsDecayAlphaDist	->HighTemperatureBoundsDecayAlphaDistAlongEx.lean	3
RELOCATION	IsingModel.Concrete.LatticeGraphCorrelation.HighTemperatureBoundsDecayCapstones	2->HighTemperatureBoundsDecayCapstonesHighTempExpRate.lean	1
RELOCATION	IsingModel.Concrete.LatticeGraphCorrelation.HighTemperatureBoundsDecayCapstones	4->HighTemperatureBoundsDecayCapstonesExpRate.lean	1
RELOCATION	IsingModel.Concrete.LatticeGraphCorrelation.HighTemperatureBoundsDecayCapstones	6->HighTemperatureBoundsDecayAlphaDist.lean	1
RELOCATION	IsingModel.Concrete.LatticeGraphCorrelation.HighTemperatureBoundsDeviation	->IsingModel.Concrete.LatticeGraphCorrelation.HighTemperatureBoundsDeviationStrict	1
RELOCATION	IsingModel.Concrete.LatticeGraphCorrelation.HighTemperatureBoundsDeviation	2->HighTemperatureBoundsDeviationRelative.lean	1
RELOCATION	IsingModel.Concrete.LatticeGraphCorrelation.HighTemperatureBoundsDeviation	2->IsingModel.Concrete.LatticeGraphCorrelation.HighTemperatureBoundsDeviationContinuity	1
RELOCATION	IsingModel.Concrete.LatticeGraphCorrelation.HighTemperatureBoundsDeviationStrict	2->HighTemperatureBoundsDeviationStrictFerro.lean	1
RELOCATION	IsingModel.Concrete.LatticeGraphCorrelation.HighTemperatureBoundsExpSharper	->IsingModel.Concrete.LatticeGraphCorrelation.HighTemperatureBoundsExpSharperCompleteSummary	1
RELOCATION	IsingModel.Concrete.LatticeGraphCorrelation.HighTemperatureBoundsExpSharper	->IsingModel.Concrete.LatticeGraphCorrelation.HighTemperatureBoundsExpSharperFerro	1
RELOCATION	IsingModel.Concrete.LatticeGraphCorrelation.HighTemperatureBoundsExpSharper	4->IsingModel.Concrete.LatticeGraphCorrelation.HighTemperatureBoundsExpSharperSandwich	1
RELOCATION	IsingModel.Concrete.LatticeGraphCorrelation.HighTemperatureBoundsExpSharperCompleteSummary	3->HighTemperatureBoundsExpSharperCompleteSummaryFerro.lean	1
RELOCATION	IsingModel.Concrete.LatticeGraphCorrelation.HighTemperatureBoundsExpansion	->HighTemperatureBoundsExpansionGeneralH.lean	1
RELOCATION	IsingModel.Concrete.LatticeGraphCorrelation.HighTemperatureBoundsExpansion	->IsingModel.Concrete.LatticeGraphCorrelation.HighTemperatureBoundsExpansionCorrelationLogZ	1
RELOCATION	IsingModel.Concrete.LatticeGraphCorrelation.HighTemperatureBoundsExpansion	->IsingModel.Concrete.LatticeGraphCorrelation.HighTemperatureBoundsExpansionFreeEnergy	1
RELOCATION	IsingModel.Concrete.LatticeGraphCorrelation.HighTemperatureBoundsExpansion	->IsingModel.Concrete.LatticeGraphCorrelation.HighTemperatureBoundsExpansionPartitionBounds	1
RELOCATION	IsingModel.Concrete.LatticeGraphCorrelation.HighTemperatureBoundsFreeEnergyInfinite	->...HighTemperatureBoundsFreeEnergyInfiniteDeviationAndRatio	1
RELOCATION	IsingModel.Concrete.LatticeGraphCorrelation.HighTemperatureBoundsFreeEnergyInfinite	->HighTemperatureBoundsFreeEnergyInfiniteContinuity.lean	1
RELOCATION	IsingModel.Concrete.LatticeGraphCorrelation.HighTemperatureBoundsRatioBounds	->HighTemperatureBoundsRatioBoundsBound.lean	1
RELOCATION	IsingModel.Concrete.LatticeGraphCorrelation.HighTemperatureBoundsRatioBounds	12->HighTemperatureBoundsRatioLogFe.lean	1
RELOCATION	IsingModel.Concrete.LatticeGraphCorrelation.HighTemperatureBoundsRatioBounds	12->IsingModel.Concrete.LatticeGraphCorrelation.HighTemperatureBoundsRatioLogFe	1
RELOCATION	IsingModel.Concrete.LatticeGraphCorrelation.HighTemperatureBoundsRatioBounds	4->HighTemperatureBoundsTripleRatio.lean	1
RELOCATION	IsingModel.Concrete.LatticeGraphCorrelation.HighTemperatureBoundsRatioBounds	4->IsingModel.Concrete.LatticeGraphCorrelation.HighTemperatureBoundsTripleRatio	1
RELOCATION	IsingModel.Concrete.LatticeGraphCorrelation.HighTemperatureBoundsRatioLogFe	4->HighTemperatureBoundsRatioLogFeBound.lean	1
RELOCATION	IsingModel.Concrete.LatticeGraphCorrelation.HighTemperatureCapstones	3->HighTemperatureCapstonesFreeEnergy.lean	1
RELOCATION	IsingModel.Concrete.LatticeGraphCorrelation.HighTemperatureCapstones	6->HighTemperatureCapstonesAlongEx.lean	1
RELOCATION	IsingModel.Concrete.LatticeGraphCorrelation.HighTemperatureCapstonesAlongEx	3->HighTemperatureCapstonesAlongExFreeEnergy.lean	1
RELOCATION	IsingModel.Concrete.LatticeGraphCorrelation.HighTemperatureFerromagnetic	2->HighTemperatureFerromagneticAlongEx.lean	2
RELOCATION	IsingModel.Concrete.LatticeGraphCorrelation.Inequalities	->IsingModel.Concrete.LatticeGraphCorrelation.LatticeMassFoundation	1
RELOCATION	IsingModel.Concrete.LatticeGraphCorrelation.Inequalities	->IsingModel.Concrete.LatticeGraphCorrelation.LatticeMassHighTempLipschitz	1
RELOCATION	IsingModel.Concrete.LatticeGraphCorrelation.Inequalities	->IsingModel.Concrete.LatticeGraphCorrelation.LatticeMassHighTempZeroBoundary	1
RELOCATION	IsingModel.Concrete.LatticeGraphCorrelation.Inequalities	->IsingModel.Concrete.LatticeGraphCorrelation.LatticeMassHighTemperature	1
RELOCATION	IsingModel.Concrete.LatticeGraphCorrelation.Inequalities	->IsingModel.Concrete.LatticeGraphCorrelation.LatticeMassLebowitzDerivative	1
RELOCATION	IsingModel.Concrete.LatticeGraphCorrelation.Inequalities	->IsingModel.Concrete.LatticeGraphCorrelation.LatticeMassPseudoMassTransfer	1
RELOCATION	IsingModel.Concrete.LatticeGraphCorrelation.Inequalities	->IsingModel.Concrete.LatticeGraphCorrelation.LatticeMassTruncated2HighTemp	1
RELOCATION	IsingModel.Concrete.LatticeGraphCorrelation.JointAnalyticity	2->JointAnalyticityAlongExCorr.lean	1
RELOCATION	IsingModel.Concrete.LatticeGraphCorrelation.JointRegularity	->JointRegularityAlongEx.lean	1
RELOCATION	IsingModel.Concrete.LatticeGraphCorrelation.JointRegularity	12->JointRegularityPointwise.lean	1
RELOCATION	IsingModel.Concrete.LatticeGraphCorrelation.JointRegularity	4->JointRegularityMagSusc.lean	1
RELOCATION	IsingModel.Concrete.LatticeGraphCorrelation.JointRegularityAlongEx	->JointRegularityAlongExMagSusc.lean	1
RELOCATION	IsingModel.Concrete.LatticeGraphCorrelation.JointRegularityPointwise	2->JointRegularityPointwiseAlongEx.lean	2
RELOCATION	IsingModel.Concrete.LatticeGraphCorrelation.LambdaCorrelationMonotonicity	3->LambdaCorrelationMonotonicityMagnetization.lean	1
RELOCATION	IsingModel.Concrete.LatticeGraphCorrelation.LambdaCorrelationMonotonicity	3->LambdaCorrelationMonotonicityMonotone.lean	1
RELOCATION	IsingModel.Concrete.LatticeGraphCorrelation.LatticeMassFoundation	4->LatticeMassFoundationTrivialSliceAndIndep.lean	1
RELOCATION	IsingModel.Concrete.LatticeGraphCorrelation.LatticeMassHighTempLipschitz.UniformDiff	2->LatticeMassHighTempContinuousAt.lean	1
RELOCATION	IsingModel.Concrete.LatticeGraphCorrelation.LatticeMassHighTempLipschitz.UniformDiff	2->LatticeMassHighTempLipschitzContinuousOnOpen.lean	1
RELOCATION	IsingModel.Concrete.LatticeGraphCorrelation.LatticeMassHighTempLipschitz.UniformDiff	2->LatticeMassHighTempLipschitzTendstoLocallyUniformly.lean	1
RELOCATION	IsingModel.Concrete.LatticeGraphCorrelation.LatticeMassHighTempLipschitz.UniformDiff	4->LatticeMassHighTempLipschitzOpenIntervalAe.lean	1
RELOCATION	IsingModel.Concrete.LatticeGraphCorrelation.LatticeMassHighTempZeroBoundary	->LatticeMassHighTempZeroBoundaryMonotoneClosed.lean	1
RELOCATION	IsingModel.Concrete.LatticeGraphCorrelation.LatticeMassHighTempZeroBoundary	2->LatticeMassHighTempZeroBoundaryContinuousOnClosed.lean	1
RELOCATION	IsingModel.Concrete.LatticeGraphCorrelation.LatticeMassHighTempZeroBoundary	2->LatticeMassHighTempZeroBoundaryContinuousOnIco.lean	1
RELOCATION	IsingModel.Concrete.LatticeGraphCorrelation.LatticeMassHighTempZeroBoundary	2->LatticeMassHighTempZeroBoundaryIco.lean	1
RELOCATION	IsingModel.Concrete.LatticeGraphCorrelation.LatticeMassHighTempZeroBoundary	2->LatticeMassHighTempZeroBoundaryLipschitzClosed.lean	1
RELOCATION	IsingModel.Concrete.LatticeGraphCorrelation.LatticeMassHighTempZeroBoundary	2->LatticeMassHighTempZeroBoundaryTendstoUniformlyOnClosed.lean	1
RELOCATION	IsingModel.Concrete.LatticeGraphCorrelation.LatticeMassHighTempZeroBoundary	2->LatticeMassHighTempZeroIncl.lean	1
RELOCATION	IsingModel.Concrete.LatticeGraphCorrelation.LatticeMassHighTempZeroBoundary	4->LatticeMassHighTempIciZero.lean	1
RELOCATION	IsingModel.Concrete.LatticeGraphCorrelation.LatticeMassLebowitzDerivative	2->LatticeMassLebowitzDerivativeSuscSq.lean	1
RELOCATION	IsingModel.Concrete.LatticeGraphCorrelation.LatticeMassLebowitzDerivative	3->LatticeMassLebowitzDerivativeHighTemp.lean	1
RELOCATION	IsingModel.Concrete.LatticeGraphCorrelation.LatticeMassPseudoMassTransfer	->IsingModel.Concrete.LatticeGraphCorrelation.LatticeMassPseudoMassTransferSummability	1
RELOCATION	IsingModel.Concrete.LatticeGraphCorrelation.LatticeMassPseudoMassTransfer	13->IsingModel.Concrete.LatticeGraphCorrelation.LatticeMassPseudoMassTransferTanhPowDist	1
RELOCATION	IsingModel.Concrete.LatticeGraphCorrelation.LatticeMassPseudoMassTransfer	5->IsingModel.Concrete.LatticeGraphCorrelation.LatticeMassPseudoMassTransferExpDecay	1
RELOCATION	IsingModel.Concrete.LatticeGraphCorrelation.LatticeMassPseudoMassTransfer	6->IsingModel.Concrete.LatticeGraphCorrelation.LatticeMassPseudoMassTransferExhaustion	1
RELOCATION	IsingModel.Concrete.LatticeGraphCorrelation.LatticeMassPseudoMassTransfer	6->IsingModel.Concrete.LatticeGraphCorrelation.LatticeMassPseudoMassTransferReference	1
RELOCATION	IsingModel.Concrete.LatticeGraphCorrelation.LatticeMassPseudoMassTransfer	7->IsingModel.Concrete.LatticeGraphCorrelation.LatticeMassPseudoMassTransferBasic	1
RELOCATION	IsingModel.Concrete.LatticeGraphCorrelation.LatticeMassPseudoMassTransferBasic	->LatticeMassPseudoMassTransferBasicMass.lean	1
RELOCATION	IsingModel.Concrete.LatticeGraphCorrelation.LatticeMassPseudoMassTransferExhaustion	2->LatticeMassPseudoMassTransferExhaustionPos.lean	1
RELOCATION	IsingModel.Concrete.LatticeGraphCorrelation.LatticeMassPseudoMassTransferExpDecay	2->LatticeMassPseudoMassTransferExpDecayMass.lean	1
RELOCATION	IsingModel.Concrete.LatticeGraphCorrelation.LatticeMassPseudoMassTransferReference	2->LatticeMassPseudoMassTransferReferencePos.lean	1
RELOCATION	IsingModel.Concrete.LatticeGraphCorrelation.LatticeMassPseudoMassTransferSummability	3->LatticeMassPseudoMassTransferSummabilityCharacterization.lean	1
RELOCATION	IsingModel.Concrete.LatticeGraphCorrelation.LatticeMassPseudoMassTransferTanhPowDist	->LatticeMassPseudoMassTransferTanhPowDistPseudoMassCluster.lean	1
RELOCATION	IsingModel.Concrete.LatticeGraphCorrelation.LatticeMassPseudoMassTransferTanhPowDist	4->LatticeMassPseudoMassTransferTanhPowDistCubicPair.lean	1
RELOCATION	IsingModel.Concrete.LatticeGraphCorrelation.LatticeMassTruncated2HighTemp	->LatticeMassTruncated2HighTempBetaLipschitz.lean	1
RELOCATION	IsingModel.Concrete.LatticeGraphCorrelation.LatticeMassTruncated2HighTemp	->LatticeMassTruncated2HighTempJDirection.lean	1
RELOCATION	IsingModel.Concrete.LatticeGraphCorrelation.LatticeMassTruncated2HighTemp	2->LatticeMassTruncated2HighTempContinuousAt.lean	1
RELOCATION	IsingModel.Concrete.LatticeGraphCorrelation.Magnetization	->IsingModel.Concrete.LatticeGraphCorrelation.MagnetizationConvergent	1
RELOCATION	IsingModel.Concrete.LatticeGraphCorrelation.Magnetization	->IsingModel.Concrete.LatticeGraphCorrelation.MagnetizationSiteLevel	1
RELOCATION	IsingModel.Concrete.LatticeGraphCorrelation.Magnetization	11->IsingModel.Concrete.LatticeGraphCorrelation.MagnetizationSusceptibility	1
RELOCATION	IsingModel.Concrete.LatticeGraphCorrelation.Magnetization	8->IsingModel.Concrete.LatticeGraphCorrelation.MagnetizationGksFkg	1
RELOCATION	IsingModel.Concrete.LatticeGraphCorrelation.MagnetizationConvergent	3->MagnetizationConvergentSubgraph.lean	1
RELOCATION	IsingModel.Concrete.LatticeGraphCorrelation.MagnetizationConvergent	3->MagnetizationConvergentTruncated2.lean	1
RELOCATION	IsingModel.Concrete.LatticeGraphCorrelation.MagnetizationGksFkg	4->MagnetizationGksFkgTail.lean	1
RELOCATION	IsingModel.Concrete.LatticeGraphCorrelation.MagnetizationPointwiseRegularity	->MagnetizationPointwiseRegularityFieldJ.lean	1
RELOCATION	IsingModel.Concrete.LatticeGraphCorrelation.MagnetizationRegularity	2->MagnetizationRegularityBeta.lean	1
RELOCATION	IsingModel.Concrete.LatticeGraphCorrelation.MagnetizationSiteLevel	->MagnetizationSiteLevelTrivialAndMonotone.lean	1
RELOCATION	IsingModel.Concrete.LatticeGraphCorrelation.MagnetizationSiteLevel	5->MagnetizationSiteLevelBounds.lean	1
RELOCATION	IsingModel.Concrete.LatticeGraphCorrelation.MagnetizationSiteLevel	5->MagnetizationSiteLevelTrivialAndMonotone.lean	1
RELOCATION	IsingModel.Concrete.LatticeGraphCorrelation.MagnetizationSiteLevelTrivialAndMonotone	3->MagnetizationSiteLevelTrivialSlice.lean	1
RELOCATION	IsingModel.Concrete.LatticeGraphCorrelation.MagnetizationSusceptibility	3->MagnetizationSusceptibilityConvergent.lean	1
RELOCATION	IsingModel.Concrete.LatticeGraphCorrelation.MagnetizationSusceptibility	3->MagnetizationSusceptibilityTrivialSlices.lean	1
RELOCATION	IsingModel.Concrete.LatticeGraphCorrelation.MayerAnalyticity	->MayerAnalyticityExpansionTerm.lean	1
RELOCATION	IsingModel.Concrete.LatticeGraphCorrelation.MayerBasicIdentities	3->MayerBasicIdentitiesMayerExpansionTerm.lean	1
RELOCATION	IsingModel.Concrete.LatticeGraphCorrelation.MayerEdgeCases	4->MayerEdgeCasesAlongExPolymer.lean	1
RELOCATION	IsingModel.Concrete.LatticeGraphCorrelation.MayerEdgeCases	4->MayerEdgeCasesLambda.lean	1
RELOCATION	IsingModel.Concrete.LatticeGraphCorrelation.MayerEdgeCases	6->MayerEdgeCasesPolymerFreeEnergy.lean	1
RELOCATION	IsingModel.Concrete.LatticeGraphCorrelation.MayerEdgeCasesPolymerFreeEnergy	3->MayerEdgeCasesPolymerFreeEnergyAlongEx.lean	1
RELOCATION	IsingModel.Concrete.LatticeGraphCorrelation.MayerEpsilonInfrastructure	3->MayerEpsilonInfrastructureVdSum.lean	1
RELOCATION	IsingModel.Concrete.LatticeGraphCorrelation.MayerEpsilonInfrastructure	6->MayerEpsilonInfrastructureAlongEx.lean	1
RELOCATION	IsingModel.Concrete.LatticeGraphCorrelation.MayerEpsilonInfrastructureAlongEx	3->MayerEpsilonInfrastructureAlongExVdSum.lean	1
RELOCATION	IsingModel.Concrete.LatticeGraphCorrelation.MayerEpsilonPositivity	2->MayerEpsilonPositivityPFE.lean	1
RELOCATION	IsingModel.Concrete.LatticeGraphCorrelation.MayerEpsilonPositivity	6->MayerEpsilonPositivityAlongEx.lean	1
RELOCATION	IsingModel.Concrete.LatticeGraphCorrelation.MayerEpsilonPositivityAlongEx	2->MayerEpsilonPositivityAlongExPFE.lean	1
RELOCATION	IsingModel.Concrete.LatticeGraphCorrelation.MayerExpansionEdgeCases	3->MayerExpansionEdgeCasesPartialSum.lean	1
RELOCATION	IsingModel.Concrete.LatticeGraphCorrelation.MayerExpansionEdgeCases	6->MayerExpansionEdgeCasesAlongEx.lean	1
RELOCATION	IsingModel.Concrete.LatticeGraphCorrelation.MayerExpansionEdgeCasesAlongEx	3->MayerExpansionEdgeCasesAlongExPartialSum.lean	1
RELOCATION	IsingModel.Concrete.LatticeGraphCorrelation.MayerRecurrenceHasSum	->MayerRecurrenceHasSumAlongEx.lean	1
RELOCATION	IsingModel.Concrete.LatticeGraphCorrelation.MayerStrictPositivity	->MayerStrictPositivityPFE.lean	2
RELOCATION	IsingModel.Concrete.LatticeGraphCorrelation.MayerStrictPositivity	->MayerStrictPositivityTanhAndStrictMono.lean	1
RELOCATION	IsingModel.Concrete.LatticeGraphCorrelation.MayerStrictPositivity	10->MayerStrictPositivityAlongEx.lean	1
RELOCATION	IsingModel.Concrete.LatticeGraphCorrelation.MayerStrictPositivityAlongEx	->MayerStrictPositivityAlongExPFE.lean	2
RELOCATION	IsingModel.Concrete.LatticeGraphCorrelation.MayerStrictPositivityAlongEx	->MayerStrictPositivityAlongExTanhAndStrictMono.lean	1
RELOCATION	IsingModel.Concrete.LatticeGraphCorrelation.MayerTanhFerromagneticIff	->MayerTanhFerromagneticIffVdSum.lean	1
RELOCATION	IsingModel.Concrete.LatticeGraphCorrelation.MayerTrivialCases	->MayerTrivialCasesLambdaIdentity.lean	1
RELOCATION	IsingModel.Concrete.LatticeGraphCorrelation.MayerTrivialCases	3->MayerTrivialCasesAlongEx.lean	1
RELOCATION	IsingModel.Concrete.LatticeGraphCorrelation.MayerVdIff	4->MayerVdIffAlongEx.lean	1
RELOCATION	IsingModel.Concrete.LatticeGraphCorrelation.MayerVdRegularity	->?	1
RELOCATION	IsingModel.Concrete.LatticeGraphCorrelation.MayerVdRegularity	4->MayerVdRegularityLambda.lean	1
RELOCATION	IsingModel.Concrete.LatticeGraphCorrelation.MayerVdRegularity	7->MayerVdRegularityPolymerAlongEx.lean	1
RELOCATION	IsingModel.Concrete.LatticeGraphCorrelation.PartitionExhaustionBounds	->PartitionExhaustionBoundsCubic.lean	1
RELOCATION	IsingModel.Concrete.LatticeGraphCorrelation.PartitionExhaustionBounds	4->PartitionExhaustionBoundsFreeEnergyInfinite.lean	1
RELOCATION	IsingModel.Concrete.LatticeGraphCorrelation.PartitionExhaustionBounds	4->PartitionExhaustionBoundsTendsto.lean	1
RELOCATION	IsingModel.Concrete.LatticeGraphCorrelation.PartitionExhaustionBounds	6->PartitionExhaustionBoundsMonotoneParams.lean	1
RELOCATION	IsingModel.Concrete.LatticeGraphCorrelation.PartitionExhaustionBoundsMonotoneParams	->PartitionExhaustionBoundsMonotoneParamsCubic.lean	1
RELOCATION	IsingModel.Concrete.LatticeGraphCorrelation.PartitionFreeEnergyBounds	2->PartitionFreeEnergyBoundsCosh.lean	1
RELOCATION	IsingModel.Concrete.LatticeGraphCorrelation.PartitionFreeEnergyBounds	3->PartitionFreeEnergyBoundsFreeEnergyLambda.lean	1
RELOCATION	IsingModel.Concrete.LatticeGraphCorrelation.PartitionFreeEnergyBounds	4->IsingModel.Concrete.LatticeGraphCorrelation.PartitionFreeEnergyBoundsAlongExBridgesLogTwo	1
RELOCATION	IsingModel.Concrete.LatticeGraphCorrelation.PartitionFreeEnergyBounds	4->IsingModel.Concrete.LatticeGraphCorrelation.PartitionFreeEnergyBoundsFeAlongExId	1
RELOCATION	IsingModel.Concrete.LatticeGraphCorrelation.PartitionFreeEnergyBounds	6->IsingModel.Concrete.LatticeGraphCorrelation.PartitionFreeEnergyBoundsInfinite	1
RELOCATION	IsingModel.Concrete.LatticeGraphCorrelation.PartitionFreeEnergyBounds	8->IsingModel.Concrete.LatticeGraphCorrelation.PartitionFreeEnergyBoundsAlongEx	1
RELOCATION	IsingModel.Concrete.LatticeGraphCorrelation.PartitionFreeEnergyBoundsAlongEx	->PartitionFreeEnergyBoundsAlongExCosh.lean	1
RELOCATION	IsingModel.Concrete.LatticeGraphCorrelation.PartitionFreeEnergyBoundsInfinite	->PartitionFreeEnergyBoundsInfiniteBridge.lean	1
RELOCATION	IsingModel.Concrete.LatticeGraphCorrelation.PartitionFreeEnergyMonotonicity	3->PartitionFreeEnergyMonotonicityAlongExLog.lean	1
RELOCATION	IsingModel.Concrete.LatticeGraphCorrelation.PartitionFreeEnergyMonotonicity	3->PartitionFreeEnergyMonotonicityCubicLog.lean	1
RELOCATION	IsingModel.Concrete.LatticeGraphCorrelation.PartitionFreeEnergyMonotonicity	3->PartitionFreeEnergyMonotonicityFreeEnergyAlongExCubic.lean	1
RELOCATION	IsingModel.Concrete.LatticeGraphCorrelation.PartitionFreeEnergyMonotonicity	6->PartitionFreeEnergyMonotonicityLambda.lean	1
RELOCATION	IsingModel.Concrete.LatticeGraphCorrelation.PartitionFreeEnergyMonotonicityLambda	3->PartitionFreeEnergyMonotonicityLambdaLog.lean	1
RELOCATION	IsingModel.Concrete.LatticeGraphCorrelation.PartitionFreeEnergyPointwiseRegularity	->PartitionFreeEnergyPointwiseRegularityGeneralH.lean	1
RELOCATION	IsingModel.Concrete.LatticeGraphCorrelation.PartitionFreeEnergyPointwiseRegularity	4->PartitionFreeEnergyPointwiseRegularityFreeEnergyJJoint.lean	1
RELOCATION	IsingModel.Concrete.LatticeGraphCorrelation.PartitionFreeEnergyPointwiseRegularity	4->PartitionFreeEnergyPointwiseRegularityHAndJoint.lean	1
RELOCATION	IsingModel.Concrete.LatticeGraphCorrelation.PartitionFreeEnergyRegularityAlongExFreeEnergy	->PartitionFreeEnergyRegularityAlongExFreeEnergyFieldJ.lean	1
RELOCATION	IsingModel.Concrete.LatticeGraphCorrelation.PartitionFreeEnergySuperadditivity	2->PartitionFreeEnergySuperadditivityDisjointUnion.lean	1
RELOCATION	IsingModel.Concrete.LatticeGraphCorrelation.PartitionFreeEnergySuperadditivity	3->PartitionFreeEnergySuperadditivityFE.lean	1
RELOCATION	IsingModel.Concrete.LatticeGraphCorrelation.PartitionFunctionClosedForms	3->PartitionFunctionClosedFormsLog.lean	1
RELOCATION	IsingModel.Concrete.LatticeGraphCorrelation.PartitionFunctionClosedForms	6->PartitionFunctionClosedFormsAlongEx.lean	1
RELOCATION	IsingModel.Concrete.LatticeGraphCorrelation.PartitionFunctionClosedForms	6->PartitionFunctionClosedFormsCubicAlongEx.lean	1
RELOCATION	IsingModel.Concrete.LatticeGraphCorrelation.PartitionFunctionClosedForms	6->PartitionFunctionClosedFormsCubicLambda.lean	1
RELOCATION	IsingModel.Concrete.LatticeGraphCorrelation.PartitionFunctionClosedFormsAlongEx	->PartitionFunctionClosedFormsAlongExZeroPJ.lean	1
RELOCATION	IsingModel.Concrete.LatticeGraphCorrelation.PartitionFunctionClosedFormsCubicAlongEx	->PartitionFunctionClosedFormsCubicAlongExZeroPJ.lean	1
RELOCATION	IsingModel.Concrete.LatticeGraphCorrelation.PartitionFunctionClosedFormsCubicLambda	3->PartitionFunctionClosedFormsCubicLambdaLog.lean	1
RELOCATION	IsingModel.Concrete.LatticeGraphCorrelation.PartitionFunctionRegularity	4->PartitionFunctionRegularityAlongEx.lean	1
RELOCATION	IsingModel.Concrete.LatticeGraphCorrelation.PartitionFunctionSymmetry	->PartitionFunctionSymmetryAlongEx.lean	1
RELOCATION	IsingModel.Concrete.LatticeGraphCorrelation.PartitionFunctionSymmetry	6->PartitionFunctionSymmetryLog.lean	1
RELOCATION	IsingModel.Concrete.LatticeGraphCorrelation.PartitionFunctionSymmetryLog	->PartitionFunctionSymmetryLogCubic.lean	1
RELOCATION	IsingModel.Concrete.LatticeGraphCorrelation.PerStage	->IsingModel.Concrete.LatticeGraphCorrelation.PerStageSubgraph	1
RELOCATION	IsingModel.Concrete.LatticeGraphCorrelation.PerStage	->IsingModel.Concrete.LatticeGraphCorrelation.PerStageZetaEta	1
RELOCATION	IsingModel.Concrete.LatticeGraphCorrelation.PerStageSubgraph	4->PerStageSubgraphConvergent.lean	1
RELOCATION	IsingModel.Concrete.LatticeGraphCorrelation.PointwiseRegularity	->PointwiseRegularityBetaHZero.lean	1
RELOCATION	IsingModel.Concrete.LatticeGraphCorrelation.PolymerFreeEnergyAnalyticity	->PolymerFreeEnergyAnalyticityLambdaTanh.lean	1
RELOCATION	IsingModel.Concrete.LatticeGraphCorrelation.PolymerFreeEnergyAnalyticity	4->PolymerFreeEnergyAnalyticityAlongExTanh.lean	1
RELOCATION	IsingModel.Concrete.LatticeGraphCorrelation.PolymerFreeEnergyBasic	3->PolymerFreeEnergyBasicAlongEx.lean	1
RELOCATION	IsingModel.Concrete.LatticeGraphCorrelation.PolymerFreeEnergyBounds	->PolymerFreeEnergyBoundsAlongEx.lean	1
RELOCATION	IsingModel.Concrete.LatticeGraphCorrelation.PolymerFreeEnergyBounds	4->PolymerFreeEnergyBoundsAlongExZeroLe.lean	1
RELOCATION	IsingModel.Concrete.LatticeGraphCorrelation.PolymerFreeEnergyBounds	4->PolymerFreeEnergyBoundsLambdaEdgeCases.lean	1
RELOCATION	IsingModel.Concrete.LatticeGraphCorrelation.PolymerFreeEnergyBounds	8->IsingModel.Concrete.LatticeGraphCorrelation.PolymerFreeEnergyBoundsRegularity	1
RELOCATION	IsingModel.Concrete.LatticeGraphCorrelation.PolymerFreeEnergyBoundsRegularity	->PolymerFreeEnergyBoundsRegularityAlongEx.lean	1
RELOCATION	IsingModel.Concrete.LatticeGraphCorrelation.PolymerFreeEnergyEpsilonSharpening	3->PolymerFreeEnergyEpsilonSharpeningIff.lean	1
RELOCATION	IsingModel.Concrete.LatticeGraphCorrelation.PolymerFreeEnergyEpsilonSharpening	6->PolymerFreeEnergyEpsilonSharpeningAlongEx.lean	1
RELOCATION	IsingModel.Concrete.LatticeGraphCorrelation.PolymerFreeEnergyEpsilonSharpeningAlongEx	4->PolymerFreeEnergyEpsilonSharpeningAlongExPFE.lean	1
RELOCATION	IsingModel.Concrete.LatticeGraphCorrelation.PolymerFreeEnergyHighTemperatureBounds	3->PolymerFreeEnergyHighTemperatureBoundsPFE.lean	1
RELOCATION	IsingModel.Concrete.LatticeGraphCorrelation.PolymerFreeEnergyHighTemperatureBounds	6->PolymerFreeEnergyHighTemperatureBoundsAlongEx.lean	1
RELOCATION	IsingModel.Concrete.LatticeGraphCorrelation.PolymerFreeEnergyHighTemperatureBoundsAlongEx	3->PolymerFreeEnergyHighTemperatureBoundsAlongExPFE.lean	1
RELOCATION	IsingModel.Concrete.LatticeGraphCorrelation.PolymerFreeEnergyTanhBounds	3->PolymerFreeEnergyTanhBoundsFerro.lean	1
RELOCATION	IsingModel.Concrete.LatticeGraphCorrelation.PolymerFreeEnergyTanhBounds	6->PolymerFreeEnergyTanhBoundsAlongEx.lean	1
RELOCATION	IsingModel.Concrete.LatticeGraphCorrelation.PolymerFreeEnergyTanhBoundsAlongEx	3->PolymerFreeEnergyTanhBoundsAlongExFerro.lean	1
RELOCATION	IsingModel.Concrete.LatticeGraphCorrelation.PolymerFreeEnergyTanhSharpening	4->PolymerFreeEnergyTanhSharpeningAlongExMonotone.lean	1
RELOCATION	IsingModel.Concrete.LatticeGraphCorrelation.PolymerFreeEnergyTanhSharpening	4->PolymerFreeEnergyTanhSharpeningMonotone.lean	1
RELOCATION	IsingModel.Concrete.LatticeGraphCorrelation.Regularity	15->IsingModel.Concrete.LatticeGraphCorrelation.RegularityAlongEx	1
RELOCATION	IsingModel.Concrete.LatticeGraphCorrelation.Regularity	3->IsingModel.Concrete.LatticeGraphCorrelation.RegularityFreeEnergyLambda	1
RELOCATION	IsingModel.Concrete.LatticeGraphCorrelation.Regularity	6->IsingModel.Concrete.LatticeGraphCorrelation.RegularityPartitionBoltzmann	1
RELOCATION	IsingModel.Concrete.LatticeGraphCorrelation.Regularity	8->IsingModel.Concrete.LatticeGraphCorrelation.RegularityMagSusc	1
RELOCATION	IsingModel.Concrete.LatticeGraphCorrelation.RegularityAlongEx	->RegularityAlongExMag.lean	1
RELOCATION	IsingModel.Concrete.LatticeGraphCorrelation.RegularityAlongEx	3->RegularityAlongExPartitionFreeEnergyFE.lean	1
RELOCATION	IsingModel.Concrete.LatticeGraphCorrelation.RegularityAlongEx	4->RegularityAlongExSusceptibility.lean	1
RELOCATION	IsingModel.Concrete.LatticeGraphCorrelation.RegularityMagSusc	4->RegularityMagSuscMagnetization.lean	1
RELOCATION	IsingModel.Concrete.LatticeGraphCorrelation.RegularityPartitionBoltzmann	3->RegularityPartitionBoltzmannBoltzmann.lean	1
RELOCATION	IsingModel.Concrete.LatticeGraphCorrelation.SiteIndepMag	->IsingModel.Concrete.LatticeGraphCorrelation.SiteIndepMagSpontaneous	1
RELOCATION	IsingModel.Concrete.LatticeGraphCorrelation.SiteIndepMag	->IsingModel.Concrete.LatticeGraphCorrelation.SiteIndepMagUniformSpontaneous	1
RELOCATION	IsingModel.Concrete.LatticeGraphCorrelation.SiteIndepMag	17->IsingModel.Concrete.LatticeGraphCorrelation.SiteIndepMagTwoPoint	1
RELOCATION	IsingModel.Concrete.LatticeGraphCorrelation.SiteIndepMag	5->SiteIndepMagUniformBounds.lean	1
RELOCATION	IsingModel.Concrete.LatticeGraphCorrelation.SiteIndepMag	7->SiteIndepMagTrivialSlice.lean	1
RELOCATION	IsingModel.Concrete.LatticeGraphCorrelation.SiteIndepMagSpontaneous	4->SiteIndepMagSpontaneousBounds.lean	1
RELOCATION	IsingModel.Concrete.LatticeGraphCorrelation.SiteIndepMagTrivialSlice	3->SiteIndepMagTrivialSliceMonotone.lean	1
RELOCATION	IsingModel.Concrete.LatticeGraphCorrelation.SiteIndepMagTwoPoint	3->SiteIndepMagTwoPointBounds.lean	1
RELOCATION	IsingModel.Concrete.LatticeGraphCorrelation.SiteIndepMagTwoPoint	3->SiteIndepMagTwoPointMonotone.lean	1
RELOCATION	IsingModel.Concrete.LatticeGraphCorrelation.SiteIndepMagTwoPoint	3->SiteIndepMagTwoPointNonnegAndGe.lean	1
RELOCATION	IsingModel.Concrete.LatticeGraphCorrelation.SiteIndepMagTwoPoint	3->SiteIndepMagTwoPointTruncated4Symm.lean	1
RELOCATION	IsingModel.Concrete.LatticeGraphCorrelation.SiteIndepMagUniformSpontaneous	->SiteIndepMagUniformSpontaneousBounds.lean	1
RELOCATION	IsingModel.Concrete.LatticeGraphCorrelation.SiteIndepMagUniformSpontaneous	5->SiteIndepMagUniformSpontaneousBounds.lean	1
RELOCATION	IsingModel.Concrete.LatticeGraphCorrelation.SusceptibilityLambda	3->SusceptibilityLambdaConvergent.lean	1
RELOCATION	IsingModel.Concrete.LatticeGraphCorrelation.SusceptibilityPointwiseRegularity	->SusceptibilityPointwiseRegularityBetaHZero.lean	1
RELOCATION	IsingModel.Concrete.LatticeGraphCorrelation.SusceptibilityPointwiseRegularity	4->SusceptibilityPointwiseRegularityField.lean	1
RELOCATION	IsingModel.Concrete.LatticeGraphCorrelation.SusceptibilityPointwiseRegularity	4->SusceptibilityPointwiseRegularityGeneralH.lean	1
RELOCATION	IsingModel.Concrete.LatticeGraphCorrelation.SusceptibilityPointwiseRegularity	4->SusceptibilityPointwiseRegularityLatticeGraphFieldJ.lean	1
RELOCATION	IsingModel.Concrete.LatticeGraphCorrelation.Translation	->IsingModel.Concrete.LatticeGraphCorrelation.TranslationShifts	1
RELOCATION	IsingModel.Concrete.LatticeGraphCorrelation.Translation	->IsingModel.Concrete.LatticeGraphCorrelation.TranslationVadd	1
RELOCATION	IsingModel.Concrete.LatticeGraphCorrelation.Translation	->TranslationTendstoSpontaneous.lean	1
RELOCATION	IsingModel.Concrete.LatticeGraphCorrelation.Translation	3->TranslationCubicMonotone.lean	1
RELOCATION	IsingModel.Concrete.LatticeGraphCorrelation.Translation	3->TranslationSiteIndep.lean	1
RELOCATION	IsingModel.Concrete.LatticeGraphCorrelation.TranslationShifts	4->TranslationShiftsVaddFinset.lean	1
RELOCATION	IsingModel.Concrete.LatticeGraphCorrelation.TranslationVadd	3->TranslationVaddTruncatedAnyEx.lean	1
RELOCATION	IsingModel.Concrete.LatticeGraphCorrelation.TranslationVadd	3->TranslationVaddTruncatedTranslation.lean	1
RELOCATION	IsingModel.Concrete.LatticeGraphCorrelation.TwoPoint	->IsingModel.Concrete.LatticeGraphCorrelation.TwoPointAmbientBot	1
RELOCATION	IsingModel.Concrete.LatticeGraphCorrelation.TwoPoint	->TwoPointEqSeparations.lean	2
RELOCATION	IsingModel.Concrete.LatticeGraphCorrelation.TwoPoint	->TwoPointSymm.lean	2
RELOCATION	IsingModel.Concrete.LatticeGraphCorrelation.TwoPoint	->TwoPointTruncated2EqSubMagSq.lean	1
RELOCATION	IsingModel.Concrete.LatticeGraphCorrelation.TwoPoint	2->TwoPointZeroCollapse.lean	1
RELOCATION	IsingModel.Concrete.LatticeGraphCorrelation.TwoPoint	22->IsingModel.Concrete.LatticeGraphCorrelation.TwoPointFreeEnergy	1
RELOCATION	IsingModel.Concrete.LatticeGraphCorrelation.TwoPoint	3->IsingModel.Concrete.LatticeGraphCorrelation.TwoPointFunctionTrivialSlices	1
RELOCATION	IsingModel.Concrete.LatticeGraphCorrelation.TwoPoint	3->IsingModel.Concrete.LatticeGraphCorrelation.TwoPointTruncatedHigher	1
RELOCATION	IsingModel.Concrete.LatticeGraphCorrelation.TwoPoint	5->IsingModel.Concrete.LatticeGraphCorrelation.TwoPointMagnetizationMonotone	1
RELOCATION	IsingModel.Concrete.LatticeGraphCorrelation.TwoPoint	5->IsingModel.Concrete.LatticeGraphCorrelation.TwoPointTruncatedTrivialSlices	1
RELOCATION	IsingModel.Concrete.LatticeGraphCorrelation.TwoPoint	6->IsingModel.Concrete.LatticeGraphCorrelation.TwoPointTruncatedSwaps	1
RELOCATION	IsingModel.Concrete.LatticeGraphCorrelation.TwoPoint	7->IsingModel.Concrete.LatticeGraphCorrelation.TwoPointCorrelationInfinite	1
RELOCATION	IsingModel.Concrete.LatticeGraphCorrelation.TwoPoint	9->IsingModel.Concrete.LatticeGraphCorrelation.TwoPointTruncatedInfinite	1
RELOCATION	IsingModel.Concrete.LatticeGraphCorrelation.TwoPointAmbientBot	->TwoPointAmbientBotLambda.lean	1
RELOCATION	IsingModel.Concrete.LatticeGraphCorrelation.TwoPointAmbientBot	->TwoPointAmbientBotMagnetization.lean	1
RELOCATION	IsingModel.Concrete.LatticeGraphCorrelation.TwoPointAmbientBot	->TwoPointAmbientBotMonotone.lean	1
RELOCATION	IsingModel.Concrete.LatticeGraphCorrelation.TwoPointAmbientBotLambda	3->TwoPointAmbientBotLambdaAlongEx.lean	1
RELOCATION	IsingModel.Concrete.LatticeGraphCorrelation.TwoPointAmbientBotMonotone	3->TwoPointAmbientBotMonotoneCorr.lean	1
RELOCATION	IsingModel.Concrete.LatticeGraphCorrelation.TwoPointCorrelationInfinite	3->IsingModel/Concrete/LatticeGraphCorrelation/TwoPointCorrelationInfiniteMonotoneCubicEx.lean	1
RELOCATION	IsingModel.Concrete.LatticeGraphCorrelation.TwoPointCorrelationInfinite	3->TwoPointCorrelationInfiniteMonotoneCubicEx.lean	1
RELOCATION	IsingModel.Concrete.LatticeGraphCorrelation.TwoPointFreeEnergy	->IsingModel.Concrete.LatticeGraphCorrelation.TwoPointFreeEnergyInfHSymmetry	1
RELOCATION	IsingModel.Concrete.LatticeGraphCorrelation.TwoPointFreeEnergyInfMonotone	3->TwoPointFreeEnergyInfMonotoneCubicEx.lean	1
RELOCATION	IsingModel.Concrete.LatticeGraphCorrelation.TwoPointTruncatedHigher	3->TwoPointTruncatedHigherIndepExhaustion.lean	1
RELOCATION	IsingModel.Concrete.LatticeGraphCorrelation.TwoPointTruncatedHigher	3->TwoPointTruncatedHigherJZero.lean	1
RELOCATION	IsingModel.Concrete.LatticeGraphCorrelation.TwoPointTruncatedHigher	3->TwoPointTruncatedHigherNonpos.lean	1
RELOCATION	IsingModel.Concrete.LatticeGraphCorrelation.TwoPointTruncatedHigher	3->TwoPointTruncatedHigherTruncated4.lean	1
RELOCATION	IsingModel.Concrete.LatticeGraphCorrelation.TwoPointTruncatedInfinite	->TwoPointTruncatedInfiniteTrivialSlice.lean	1
RELOCATION	IsingModel.Concrete.LatticeGraphCorrelation.TwoPointTruncatedInfinite	5->TwoPointTruncatedInfiniteTrivialSlice.lean	1
RELOCATION	IsingModel.Concrete.LatticeGraphCorrelation.TwoPointTruncatedSwaps	3->TwoPointTruncatedSwapsTrunc4.lean	1
RELOCATION	IsingModel.Concrete.LatticeGraphCorrelation.UniformMag	->IsingModel.Concrete.LatticeGraphCorrelation.UniformMagCorrelationTrivial	1
RELOCATION	IsingModel.Concrete.LatticeGraphCorrelation.UniformMag	->IsingModel.Concrete.LatticeGraphCorrelation.UniformMagRecasts	1
RELOCATION	IsingModel.Concrete.LatticeGraphCorrelation.UniformMag	3->UniformMagSpontaneousCorrelation.lean	1
RELOCATION	IsingModel.Concrete.LatticeGraphCorrelation.UniformMagBoundsMonotonicity	->UniformMagBoundsTruncated2TwoPoint.lean	1
RELOCATION	IsingModel.Concrete.LatticeGraphCorrelation.UniformMagBoundsMonotonicity	3->UniformMagBoundsCorrAlongExMonotone.lean	1
RELOCATION	IsingModel.Concrete.LatticeGraphCorrelation.UniformMagBoundsMonotonicity	3->UniformMagBoundsCorrInfMonotone.lean	1
RELOCATION	IsingModel.Concrete.LatticeGraphCorrelation.UniformMagBoundsMonotonicity	3->UniformMagBoundsCorrInfTrivialSlices.lean	1
RELOCATION	IsingModel.Concrete.LatticeGraphCorrelation.UniformMagBoundsMonotonicity	3->UniformMagBoundsMagInfMonotone.lean	1
RELOCATION	IsingModel.Concrete.LatticeGraphCorrelation.UniformMagBoundsTruncated2TwoPoint	3->UniformMagBoundsTruncated2TwoPointMisc.lean	1
RELOCATION	IsingModel.Concrete.LatticeGraphCorrelation.UniformMagCorrelationTrivial	->UniformMagCorrelationTrivialHZero.lean	1
RELOCATION	IsingModel.Concrete.LatticeGraphCorrelation.UniformMagCorrelationTrivial	2->UniformMagCorrelationTrivialCor4_3_5.lean	1
RELOCATION	IsingModel.Concrete.LatticeGraphCorrelation.UniformMagCorrelationTrivial	3->UniformMagCorrelationTrivialTrivialSlices.lean	1
RELOCATION	IsingModel.Concrete.LatticeGraphCorrelation.UniformMagCorrelationTrivial	7->IsingModel.Concrete.LatticeGraphCorrelation.UniformMagSusceptibilityInfinite	1
RELOCATION	IsingModel.Concrete.LatticeGraphCorrelation.UniformMagRecasts	->IsingModel.Concrete.LatticeGraphCorrelation.UniformMagBoundsMonotonicity	1
RELOCATION	IsingModel.Concrete.LatticeGraphCorrelation.UniformMagRecasts	->UniformMagRecastsMagnetization.lean	1
RELOCATION	IsingModel.Concrete.LatticeGraphCorrelation.UniformMagRecasts	3->UniformMagRecastsTruncatedZeroParams.lean	1
RELOCATION	IsingModel.Concrete.LatticeGraphCorrelation.UniformMagRecastsMagnetization	4->UniformMagRecastsMagnetizationLambdaBounds.lean	1
RELOCATION	IsingModel.Concrete.LatticeGraphCorrelation.UniformMagSusceptibilityInfinite	->UniformMagSusceptibilityInfiniteRegJZero.lean	1
RELOCATION	IsingModel.Concrete.LatticeGraphCorrelation.VdPolymerFamiliesAnalyticity	->VdPolymerFamiliesAnalyticityTanh.lean	1
RELOCATION	IsingModel.Concrete.LatticeGraphCorrelation.VdPolymerFamiliesAnalyticity	4->VdPolymerFamiliesAnalyticityLogAlongEx.lean	1
RELOCATION	docs/architecture-import-layers.md	->Inequalities/FKGInhomogeneous.lean	1
RELOCATION	docs/index.md	->?	3
RELOCATION	docs/index.md	->AmbientLattice/SpecialCases/HighTemperature.lean	1
RELOCATION	docs/index.md	->AmbientLattice/SpecialCases/HighTemperatureBounds.lean	2
RELOCATION	docs/index.md	->AmbientLattice/SpecialCases/Magnetization.lean	1
RELOCATION	docs/index.md	->AmbientLattice/SpecialCases/MayerEdgeCases.lean	3
RELOCATION	docs/index.md	->AmbientLattice/SpecialCases/MayerEpsilonInfrastructure.lean	1
RELOCATION	docs/index.md	->AmbientLattice/SpecialCases/MayerEpsilonPositivity.lean	1
RELOCATION	docs/index.md	->AmbientLattice/SpecialCases/MayerExpansionEdgeCases.lean	1
RELOCATION	docs/index.md	->AmbientLattice/SpecialCases/MayerRecurrenceHasSum.lean	1
RELOCATION	docs/index.md	->AmbientLattice/SpecialCases/MayerStrictPositivity.lean	1
RELOCATION	docs/index.md	->AmbientLattice/SpecialCases/MayerTrivialCases.lean	1
RELOCATION	docs/index.md	->AmbientLattice/SpecialCases/MayerVdIff.lean	1
RELOCATION	docs/index.md	->AmbientLattice/SpecialCases/MayerVdRegularity.lean	1
RELOCATION	docs/index.md	->AmbientLattice/SpecialCases/MayerVdRegularityExpansionTerm.lean	1
RELOCATION	docs/index.md	->AmbientLattice/SpecialCases/MayerVdRegularityVdPolymer.lean	1
RELOCATION	docs/index.md	->AmbientLattice/SpecialCases/MayerVdRegularityVdPolymerTanh.lean	1
RELOCATION	docs/index.md	->AmbientLattice/SpecialCases/PolymerFreeEnergyAnalyticity.lean	2
RELOCATION	docs/index.md	->AmbientLattice/SpecialCases/PolymerFreeEnergyBounds.lean	4
RELOCATION	docs/index.md	->AmbientLattice/SpecialCases/PolymerFreeEnergyEpsilonSharpening.lean	1
RELOCATION	docs/index.md	->AmbientLattice/SpecialCases/PolymerFreeEnergyHighTemperatureBounds.lean	1
RELOCATION	docs/index.md	->AmbientLattice/SpecialCases/PolymerFreeEnergyTanhBounds.lean	1
RELOCATION	docs/index.md	->AmbientLattice/SpecialCases/PolymerFreeEnergyTanhSharpening.lean	1
RELOCATION	docs/index.md	->AmbientLattice/SpecialCases/VdPolymerFamiliesAnalyticityLog.lean	1
RELOCATION	docs/index.md	->Concrete/LatticeGraphCorrelation/CorrelationExhaustionLimits.lean	1
RELOCATION	docs/index.md	->Concrete/LatticeGraphCorrelation/CorrelationSymmetry.lean	4
RELOCATION	docs/index.md	->Concrete/LatticeGraphCorrelation/EnergyClosedForms.lean	3
RELOCATION	docs/index.md	->Concrete/LatticeGraphCorrelation/FiniteVolumeBasics.lean	1
RELOCATION	docs/index.md	->Concrete/LatticeGraphCorrelation/FiniteVolumeCorrelationInequalities.lean	1
RELOCATION	docs/index.md	->Concrete/LatticeGraphCorrelation/FiniteVolumeCorrelationMonotonicity.lean	1
RELOCATION	docs/index.md	->Concrete/LatticeGraphCorrelation/FiniteVolumeEnergyBounds.lean	1
RELOCATION	docs/index.md	->Concrete/LatticeGraphCorrelation/FiniteVolumeExtensions.lean	1
RELOCATION	docs/index.md	->Concrete/LatticeGraphCorrelation/FiniteVolumePartition.lean	1
RELOCATION	docs/index.md	->Concrete/LatticeGraphCorrelation/FiniteVolumePartitionBounds.lean	1
RELOCATION	docs/index.md	->Concrete/LatticeGraphCorrelation/FreeEnergySpecialCases.lean	3
RELOCATION	docs/index.md	->Concrete/LatticeGraphCorrelation/HighTemperatureBounds.lean	1
RELOCATION	docs/index.md	->Concrete/LatticeGraphCorrelation/InfiniteVolumeCorrelationInequalities.lean	1
RELOCATION	docs/index.md	->Concrete/LatticeGraphCorrelation/LambdaCorrelationMonotonicity.lean	1
RELOCATION	docs/index.md	->Concrete/LatticeGraphCorrelation/LatticeMassHighTempLipschitz.lean	4
RELOCATION	docs/index.md	->Concrete/LatticeGraphCorrelation/LatticeMassHighTempZeroBoundary.lean	2
RELOCATION	docs/index.md	->Concrete/LatticeGraphCorrelation/LatticeMassPseudoMassTransfer.lean	1
RELOCATION	docs/index.md	->Concrete/LatticeGraphCorrelation/PartitionExhaustionBounds.lean	1
RELOCATION	docs/index.md	->Concrete/LatticeGraphCorrelation/PartitionFreeEnergyBounds.lean	1
RELOCATION	docs/index.md	->Concrete/LatticeGraphCorrelation/PartitionFreeEnergyMonotonicity.lean	1
RELOCATION	docs/index.md	->Concrete/LatticeGraphCorrelation/PartitionFreeEnergySuperadditivity.lean	1
RELOCATION	docs/index.md	->Concrete/LatticeGraphCorrelation/PartitionFunctionClosedForms.lean	1
RELOCATION	docs/index.md	->Concrete/LatticeGraphCorrelation/PartitionFunctionClosedFormsCubicLambda.lean	1
RELOCATION	docs/index.md	->Concrete/LatticeGraphCorrelation/PartitionFunctionSymmetry.lean	2
RELOCATION	docs/index.md	->Concrete/LatticeGraphCorrelation/SusceptibilityLambda.lean	1
RELOCATION	docs/index.md	->Concrete/LatticeGraphCorrelation/Translation.lean	1
RELOCATION	docs/index.md	3->Concrete/LatticeGraphCorrelation/TwoPointCorrelationInfiniteMonotoneCubicEx.lean	1
RELOCATION	docs/index.md	3->Concrete/LatticeGraphCorrelation/TwoPointFunctionTrivialSlices.lean	1
RELOCATION	docs/index.md	4->Concrete/LatticeGraphCorrelation/HighTemperatureFreeEnergyCorrection.lean	1
RELOCATION	docs/index.md	5->Concrete/LatticeGraphCorrelation/TwoPointMagnetizationMonotone.lean	1
RELOCATION	docs/index.md	5->Concrete/LatticeGraphCorrelation/TwoPointTruncatedTrivialSlices.lean	1
RELOCATION	docs/index.md	6->Concrete/LatticeGraphCorrelation/TwoPointTruncatedSwaps.lean	1
RELOCATION	tex/proof-guide.tex	->?	22
RELOCATION	tex/proof-guide.tex	->AmbientLattice/SpecialCases/HighTemperature.lean	1
RELOCATION	tex/proof-guide.tex	->AmbientLattice/SpecialCases/JointAnalyticity.lean	2
RELOCATION	tex/proof-guide.tex	->AmbientLattice/SpecialCases/JointRegularity.lean	2
RELOCATION	tex/proof-guide.tex	->AmbientLattice/SpecialCases/MayerEdgeCases.lean	1
RELOCATION	tex/proof-guide.tex	->AmbientLattice/SpecialCases/MayerEpsilonInfrastructure.lean	1
RELOCATION	tex/proof-guide.tex	->AmbientLattice/SpecialCases/MayerEpsilonPositivity.lean	1
RELOCATION	tex/proof-guide.tex	->AmbientLattice/SpecialCases/MayerExpansionEdgeCases.lean	1
RELOCATION	tex/proof-guide.tex	->AmbientLattice/SpecialCases/MayerRecurrenceHasSum.lean	1
RELOCATION	tex/proof-guide.tex	->AmbientLattice/SpecialCases/MayerStrictPositivity.lean	1
RELOCATION	tex/proof-guide.tex	->AmbientLattice/SpecialCases/MayerTanhFerromagneticIff.lean	1
RELOCATION	tex/proof-guide.tex	->AmbientLattice/SpecialCases/MayerTrivialCases.lean	2
RELOCATION	tex/proof-guide.tex	->AmbientLattice/SpecialCases/MayerVdRegularity.lean	2
RELOCATION	tex/proof-guide.tex	->AmbientLattice/SpecialCases/PolymerFreeEnergyAnalyticity.lean	1
RELOCATION	tex/proof-guide.tex	->AmbientLattice/SpecialCases/PolymerFreeEnergyBasic.lean	1
RELOCATION	tex/proof-guide.tex	->AmbientLattice/SpecialCases/PolymerFreeEnergyTanhBounds.lean	1
RELOCATION	tex/proof-guide.tex	->AmbientLattice/SpecialCases/VdPolymerFamiliesAnalyticity.lean	1
RELOCATION	tex/proof-guide.tex	->AmbientLattice/SpecialCases/VdPolymerFamiliesAnalyticityLog.lean	1
RELOCATION	tex/proof-guide.tex	->Concrete/LatticeGraphCorrelation/LatticeMassHighTempLipschitz.lean	1
RELOCATION	tex/proof-guide.tex	->Concrete/LatticeGraphCorrelation/LatticeMassHighTempZeroBoundary.lean	1
RELOCATION	tex/proof-guide.tex	->Concrete/LatticeGraphCorrelation/LatticeMassLebowitzDerivative.lean	1
RELOCATION	tex/proof-guide.tex	->Concrete/LatticeGraphCorrelation/LatticeMassTruncated2HighTemp.lean	1
RELOCATION	tex/proof-guide.tex	->CorrelationSymmetry.lean	3
RELOCATION	tex/proof-guide.tex	->IsingModel/AmbientLattice/SpecialCases/Magnetization.lean	2
RELOCATION	tex/proof-guide.tex	->IsingModel/AmbientLattice/SpecialCases/MayerBasicIdentities.lean	1
RELOCATION	tex/proof-guide.tex	->IsingModel/AmbientLattice/SpecialCases/MayerVdIff.lean	1
RELOCATION	tex/proof-guide.tex	->IsingModel/AmbientLattice/SpecialCases/PartitionFunctionClosedForms.lean	1
RELOCATION	tex/proof-guide.tex	->IsingModel/AmbientLattice/SpecialCases/PartitionFunctionSymmetry.lean	1
RELOCATION	tex/proof-guide.tex	->IsingModel/Concrete/LatticeGraphCorrelation/CorrelationExhaustionLimits.lean	1
RELOCATION	tex/proof-guide.tex	->IsingModel/Concrete/LatticeGraphCorrelation/CorrelationSymmetry.lean	1
RELOCATION	tex/proof-guide.tex	->IsingModel/Concrete/LatticeGraphCorrelation/EnergyClosedForms.lean	1
RELOCATION	tex/proof-guide.tex	->IsingModel/Concrete/LatticeGraphCorrelation/FiniteVolumeBasics.lean	1
RELOCATION	tex/proof-guide.tex	->IsingModel/Concrete/LatticeGraphCorrelation/FiniteVolumeCorrelationInequalities.lean	1
RELOCATION	tex/proof-guide.tex	->IsingModel/Concrete/LatticeGraphCorrelation/FiniteVolumeCorrelationMonotonicity.lean	1
RELOCATION	tex/proof-guide.tex	->IsingModel/Concrete/LatticeGraphCorrelation/FiniteVolumeEnergyBounds.lean	1
RELOCATION	tex/proof-guide.tex	->IsingModel/Concrete/LatticeGraphCorrelation/FiniteVolumeExtensions.lean	1
RELOCATION	tex/proof-guide.tex	->IsingModel/Concrete/LatticeGraphCorrelation/FiniteVolumePartition.lean	1
RELOCATION	tex/proof-guide.tex	->IsingModel/Concrete/LatticeGraphCorrelation/FiniteVolumePartitionBounds.lean	1
RELOCATION	tex/proof-guide.tex	->IsingModel/Concrete/LatticeGraphCorrelation/FreeEnergySpecialCases.lean	1
RELOCATION	tex/proof-guide.tex	->IsingModel/Concrete/LatticeGraphCorrelation/LambdaCorrelationMonotonicity.lean	1
RELOCATION	tex/proof-guide.tex	->IsingModel/Concrete/LatticeGraphCorrelation/PartitionExhaustionBounds.lean	1
RELOCATION	tex/proof-guide.tex	->IsingModel/Concrete/LatticeGraphCorrelation/PartitionFreeEnergyBounds.lean	1
RELOCATION	tex/proof-guide.tex	->IsingModel/Concrete/LatticeGraphCorrelation/PartitionFreeEnergyMonotonicity.lean	1
RELOCATION	tex/proof-guide.tex	->IsingModel/Concrete/LatticeGraphCorrelation/PartitionFreeEnergySuperadditivity.lean	1
RELOCATION	tex/proof-guide.tex	->IsingModel/Concrete/LatticeGraphCorrelation/PartitionFunctionSymmetry.lean	1
RELOCATION	tex/proof-guide.tex	->IsingModel/Concrete/LatticeGraphCorrelation/Peierls.lean	1
RELOCATION	tex/proof-guide.tex	->IsingModel/Concrete/LatticeGraphCorrelation/SusceptibilityLambda.lean	1
RELOCATION	tex/proof-guide.tex	->IsingModel/Concrete/LatticeGraphCorrelation/Translation.lean	1
RELOCATION	tex/proof-guide.tex	3->IsingModel/Concrete/LatticeGraphCorrelation/TwoPointCorrelationInfiniteMonotoneCubicEx.lean	1
RELOCATION	tex/proof-guide.tex	3->IsingModel/Concrete/LatticeGraphCorrelation/TwoPointFunctionTrivialSlices.lean	1
RELOCATION	tex/proof-guide.tex	5->IsingModel/Concrete/LatticeGraphCorrelation/TwoPointMagnetizationMonotone.lean	1
RELOCATION	tex/proof-guide.tex	5->IsingModel/Concrete/LatticeGraphCorrelation/TwoPointTruncatedTrivialSlices.lean	1
RELOCATION	tex/proof-guide.tex	6->IsingModel/Concrete/LatticeGraphCorrelation/TwoPointTruncatedSwaps.lean	1
