[Elab.async] [0.016354] ✅️ Lean.Elab.Command.runLintersAsync
  [Elab.lint] [0.016341] ✅️ running linters
[Elab.async] [10.333874] ✅️ elaborating proof of IsingModel.Ambient.pseudoMassFromParamsAtPairFV_pow_succ_hasDeriv_abs_le_binding_core
  [Elab.definition.value] [10.329398] ✅️ IsingModel.Ambient.pseudoMassFromParamsAtPairFV_pow_succ_hasDeriv_abs_le_binding_core
    [Elab.step] [10.325155] ✅️ classical
          have hpos : (0 : ℝ) < (latticeDistance d x z : ℝ) := by
            exact_mod_cast Nat.pos_of_ne_zero (fun h => hxz ((IsingModel.latticeDistance_eq_zero_iff d x z).mp h))
          have hxzsub : ({ x, z } : Finset (Fin d → ℤ)) ⊆ (cubicExhaustion d).volume n :=
            by
            intro w hw; rw [Finset.mem_insert, Finset.mem_singleton] at hw
            rcases hw with rfl | rfl
            · exact hx
            · exact hz
          set Sval : ℝ :=
            (J *
                (2 *
                      (1 +
                        (finiteRegionPseudoMassDistFV hα (⟨J, 0, β⟩ : IsingParams ℝ) n hA *
                            (latticeDistance d x z : ℝ)) ^
                          α) *
                    Real.exp (finiteRegionPseudoMassDistFV hα (⟨J, 0, β⟩ : IsingParams ℝ) n hA) *
                  (C * (1 + (latticeDistance d x z : ℝ)) ^ (-(2 * (α : ℝ) - (d : ℝ))))) +
              J *
                ((4 * d : ℝ) *
                  ((1 + (2 : ℝ) ^ α) * Real.exp (finiteRegionPseudoMassDistFV hα (⟨J, 0, β⟩ : IsingParams ℝ) n hA) +
                    (1 + (finiteRegionPseudoMassDistFV hα (⟨J, 0, β⟩ : IsingParams ℝ) n hA) ^ α) *
                        Real.exp (finiteRegionPseudoMassDistFV hα (⟨J, 0, β⟩ : IsingParams ℝ) n hA) /
                      2))) with
            hSval_def
          obtain ⟨c', hc_deriv⟩ :=
            correlationAlongExhaustion_latticeGraph_hasDerivAt_beta d (cubicExhaustion d) J β { x, z } n
          have hcorr :
            Ambient.correlationAlongExhaustion (IsingModel.latticeGraph d) (cubicExhaustion d)
                (⟨J, 0, β⟩ : IsingParams ℝ) { x, z } n ∈
              Set.Ioo (0 : ℝ) 2 :=
            correlationAlongExhaustion_cubicExhaustion_pair_active hJ hβ hxz hxzsub
          have hfun :
            (fun β' => pseudoMassFromParamsAtPairFV hα (⟨J, 0, β'⟩ : IsingParams ℝ) n x z) =
              (fun β' =>
                pseudoMassExt hα hpos
                  (Ambient.correlationAlongExhaustion (IsingModel.latticeGraph d) (cubicExhaustion d)
                    (⟨J, 0, β'⟩ : IsingParams ℝ) { x, z } n)) :=
            by funext β'; exact pseudoMassFromParamsAtPairFV_of_ne hα (⟨J, 0, β'⟩ : IsingParams ℝ) n hxz hpos
          have hdiff :
            DifferentiableAt ℝ (fun β' => pseudoMassFromParamsAtPairFV hα (⟨J, 0, β'⟩ : IsingParams ℝ) n x z) β :=
            by
            rw [hfun]
            exact ((pseudoMassExt_hasStrictDerivAt hα hpos hcorr).hasDerivAt.comp β hc_deriv).differentiableAt
          have hh :
            HasDerivAt (fun β' => pseudoMassFromParamsAtPairFV hα (⟨J, 0, β'⟩ : IsingParams ℝ) n x z)
              (deriv (fun β' => pseudoMassFromParamsAtPairFV hα (⟨J, 0, β'⟩ : IsingParams ℝ) n x z) β) β :=
            hdiff.hasDerivAt
          have hcorr_event :
            ∀ᶠ β' in nhds β,
              Ambient.correlationAlongExhaustion (IsingModel.latticeGraph d) (cubicExhaustion d)
                  (⟨J, 0, β'⟩ : IsingParams ℝ) { x, z } n ∈
                Set.Ioo (0 : ℝ) 2 :=
            hc_deriv.continuousAt.eventually_mem (IsOpen.mem_nhds isOpen_Ioo hcorr)
          have hg_eq :
            (fun β' =>
                pseudoMassG α (latticeDistance d x z : ℝ)
                  (pseudoMassFromParamsAtPairFV hα (⟨J, 0, β'⟩ : IsingParams ℝ) n x z)) =ᶠ[nhds β]
              (fun β' =>
                Ambient.correlationAlongExhaustion (IsingModel.latticeGraph d) (cubicExhaustion d)
                  (⟨J, 0, β'⟩ : IsingParams ℝ) { x, z } n) :=
            by
            have hbase :=
              pseudoMassG_pseudoMassExt_eventuallyEq_of_eventually_mem hα hpos (c := fun β' =>
                Ambient.correlationAlongExhaustion (IsingModel.latticeGraph d) (cubicExhaustion d)
                  (⟨J, 0, β'⟩ : IsingParams ℝ) { x, z } n)
                hcorr_event
            have hBA :
              (fun β' =>
                  pseudoMassG α (latticeDistance d x z : ℝ)
                    (pseudoMassFromParamsAtPairFV hα (⟨J, 0, β'⟩ : IsingParams ℝ) n x z)) =
                (fun β' =>
                  pseudoMassG α (latticeDistance d x z : ℝ)
                    (pseudoMassExt hα hpos
                      (Ambient.correlationAlongExhaustion (IsingModel.latticeGraph d) (cubicExhaustion d)
                        (⟨J, 0, β'⟩ : IsingParams ℝ) { x, z } n))) :=
              by
              funext β'
              rw [pseudoMassFromParamsAtPairFV_of_ne hα (⟨J, 0, β'⟩ : IsingParams ℝ) n hxz hpos]
            rw [hBA]; exact hbase
          have hm_pos : 0 < pseudoMassFromParamsAtPairFV hα (⟨J, 0, β⟩ : IsingParams ℝ) n x z :=
            pseudoMassFromParamsAtPairFV_pos hα hJ hβ hxz hxzsub
          have hm2α_pos : (0 : ℝ) < (pseudoMassFromParamsAtPairFV hα (⟨J, 0, β⟩ : IsingParams ℝ) n x z) ^ (2 * α) :=
            pow_pos hm_pos
              _
                -- the `K·c/m^{2α} = Sval·c` form of the sharp bound.
                
          have hc_der :
            |c'| ≤
              (Sval * (pseudoMassFromParamsAtPairFV hα (⟨J, 0, β⟩ : IsingParams ℝ) n x z) ^ (2 * α)) *
                  Ambient.correlationAlongExhaustion (IsingModel.latticeGraph d) (cubicExhaustion d)
                    (⟨J, 0, β⟩ : IsingParams ℝ) { x, z } n /
                (pseudoMassFromParamsAtPairFV hα (⟨J, 0, β⟩ : IsingParams ℝ) n x z) ^ (2 * α) :=
            by
            have hcancel :
              (Sval * (pseudoMassFromParamsAtPairFV hα (⟨J, 0, β⟩ : IsingParams ℝ) n x z) ^ (2 * α)) *
                    Ambient.correlationAlongExhaustion (IsingModel.latticeGraph d) (cubicExhaustion d)
                      (⟨J, 0, β⟩ : IsingParams ℝ) { x, z } n /
                  (pseudoMassFromParamsAtPairFV hα (⟨J, 0, β⟩ : IsingParams ℝ) n x z) ^ (2 * α) =
                Sval *
                  Ambient.correlationAlongExhaustion (IsingModel.latticeGraph d) (cubicExhaustion d)
                    (⟨J, 0, β⟩ : IsingParams ℝ) { x, z } n :=
              by rw [mul_right_comm, mul_div_assoc, div_self (ne_of_gt hm2α_pos), mul_one]
            rw [hcancel, ← hc_deriv.deriv]
            exact hsharp
          obtain ⟨dv, hdv_deriv, hdv_bd⟩ :=
            pseudoMass_pow_succ_deriv_bound α hpos hh hc_deriv hm_pos.le hg_eq hm_pos hcorr.1 hc_der
          exact ⟨dv, hdv_deriv, hdv_bd⟩
      [Elab.step] [10.325139] ✅️ classical
            have hpos : (0 : ℝ) < (latticeDistance d x z : ℝ) := by
              exact_mod_cast Nat.pos_of_ne_zero (fun h => hxz ((IsingModel.latticeDistance_eq_zero_iff d x z).mp h))
            have hxzsub : ({ x, z } : Finset (Fin d → ℤ)) ⊆ (cubicExhaustion d).volume n :=
              by
              intro w hw; rw [Finset.mem_insert, Finset.mem_singleton] at hw
              rcases hw with rfl | rfl
              · exact hx
              · exact hz
            set Sval : ℝ :=
              (J *
                  (2 *
                        (1 +
                          (finiteRegionPseudoMassDistFV hα (⟨J, 0, β⟩ : IsingParams ℝ) n hA *
                              (latticeDistance d x z : ℝ)) ^
                            α) *
                      Real.exp (finiteRegionPseudoMassDistFV hα (⟨J, 0, β⟩ : IsingParams ℝ) n hA) *
                    (C * (1 + (latticeDistance d x z : ℝ)) ^ (-(2 * (α : ℝ) - (d : ℝ))))) +
                J *
                  ((4 * d : ℝ) *
                    ((1 + (2 : ℝ) ^ α) * Real.exp (finiteRegionPseudoMassDistFV hα (⟨J, 0, β⟩ : IsingParams ℝ) n hA) +
                      (1 + (finiteRegionPseudoMassDistFV hα (⟨J, 0, β⟩ : IsingParams ℝ) n hA) ^ α) *
                          Real.exp (finiteRegionPseudoMassDistFV hα (⟨J, 0, β⟩ : IsingParams ℝ) n hA) /
                        2))) with
              hSval_def
            obtain ⟨c', hc_deriv⟩ :=
              correlationAlongExhaustion_latticeGraph_hasDerivAt_beta d (cubicExhaustion d) J β { x, z } n
            have hcorr :
              Ambient.correlationAlongExhaustion (IsingModel.latticeGraph d) (cubicExhaustion d)
                  (⟨J, 0, β⟩ : IsingParams ℝ) { x, z } n ∈
                Set.Ioo (0 : ℝ) 2 :=
              correlationAlongExhaustion_cubicExhaustion_pair_active hJ hβ hxz hxzsub
            have hfun :
              (fun β' => pseudoMassFromParamsAtPairFV hα (⟨J, 0, β'⟩ : IsingParams ℝ) n x z) =
                (fun β' =>
                  pseudoMassExt hα hpos
                    (Ambient.correlationAlongExhaustion (IsingModel.latticeGraph d) (cubicExhaustion d)
                      (⟨J, 0, β'⟩ : IsingParams ℝ) { x, z } n)) :=
              by funext β'; exact pseudoMassFromParamsAtPairFV_of_ne hα (⟨J, 0, β'⟩ : IsingParams ℝ) n hxz hpos
            have hdiff :
              DifferentiableAt ℝ (fun β' => pseudoMassFromParamsAtPairFV hα (⟨J, 0, β'⟩ : IsingParams ℝ) n x z) β :=
              by
              rw [hfun]
              exact ((pseudoMassExt_hasStrictDerivAt hα hpos hcorr).hasDerivAt.comp β hc_deriv).differentiableAt
            have hh :
              HasDerivAt (fun β' => pseudoMassFromParamsAtPairFV hα (⟨J, 0, β'⟩ : IsingParams ℝ) n x z)
                (deriv (fun β' => pseudoMassFromParamsAtPairFV hα (⟨J, 0, β'⟩ : IsingParams ℝ) n x z) β) β :=
              hdiff.hasDerivAt
            have hcorr_event :
              ∀ᶠ β' in nhds β,
                Ambient.correlationAlongExhaustion (IsingModel.latticeGraph d) (cubicExhaustion d)
                    (⟨J, 0, β'⟩ : IsingParams ℝ) { x, z } n ∈
                  Set.Ioo (0 : ℝ) 2 :=
              hc_deriv.continuousAt.eventually_mem (IsOpen.mem_nhds isOpen_Ioo hcorr)
            have hg_eq :
              (fun β' =>
                  pseudoMassG α (latticeDistance d x z : ℝ)
                    (pseudoMassFromParamsAtPairFV hα (⟨J, 0, β'⟩ : IsingParams ℝ) n x z)) =ᶠ[nhds β]
                (fun β' =>
                  Ambient.correlationAlongExhaustion (IsingModel.latticeGraph d) (cubicExhaustion d)
                    (⟨J, 0, β'⟩ : IsingParams ℝ) { x, z } n) :=
              by
              have hbase :=
                pseudoMassG_pseudoMassExt_eventuallyEq_of_eventually_mem hα hpos (c := fun β' =>
                  Ambient.correlationAlongExhaustion (IsingModel.latticeGraph d) (cubicExhaustion d)
                    (⟨J, 0, β'⟩ : IsingParams ℝ) { x, z } n)
                  hcorr_event
              have hBA :
                (fun β' =>
                    pseudoMassG α (latticeDistance d x z : ℝ)
                      (pseudoMassFromParamsAtPairFV hα (⟨J, 0, β'⟩ : IsingParams ℝ) n x z)) =
                  (fun β' =>
                    pseudoMassG α (latticeDistance d x z : ℝ)
                      (pseudoMassExt hα hpos
                        (Ambient.correlationAlongExhaustion (IsingModel.latticeGraph d) (cubicExhaustion d)
                          (⟨J, 0, β'⟩ : IsingParams ℝ) { x, z } n))) :=
                by
                funext β'
                rw [pseudoMassFromParamsAtPairFV_of_ne hα (⟨J, 0, β'⟩ : IsingParams ℝ) n hxz hpos]
              rw [hBA]; exact hbase
            have hm_pos : 0 < pseudoMassFromParamsAtPairFV hα (⟨J, 0, β⟩ : IsingParams ℝ) n x z :=
              pseudoMassFromParamsAtPairFV_pos hα hJ hβ hxz hxzsub
            have hm2α_pos : (0 : ℝ) < (pseudoMassFromParamsAtPairFV hα (⟨J, 0, β⟩ : IsingParams ℝ) n x z) ^ (2 * α) :=
              pow_pos hm_pos
                _
                  -- the `K·c/m^{2α} = Sval·c` form of the sharp bound.
                  
            have hc_der :
              |c'| ≤
                (Sval * (pseudoMassFromParamsAtPairFV hα (⟨J, 0, β⟩ : IsingParams ℝ) n x z) ^ (2 * α)) *
                    Ambient.correlationAlongExhaustion (IsingModel.latticeGraph d) (cubicExhaustion d)
                      (⟨J, 0, β⟩ : IsingParams ℝ) { x, z } n /
                  (pseudoMassFromParamsAtPairFV hα (⟨J, 0, β⟩ : IsingParams ℝ) n x z) ^ (2 * α) :=
              by
              have hcancel :
                (Sval * (pseudoMassFromParamsAtPairFV hα (⟨J, 0, β⟩ : IsingParams ℝ) n x z) ^ (2 * α)) *
                      Ambient.correlationAlongExhaustion (IsingModel.latticeGraph d) (cubicExhaustion d)
                        (⟨J, 0, β⟩ : IsingParams ℝ) { x, z } n /
                    (pseudoMassFromParamsAtPairFV hα (⟨J, 0, β⟩ : IsingParams ℝ) n x z) ^ (2 * α) =
                  Sval *
                    Ambient.correlationAlongExhaustion (IsingModel.latticeGraph d) (cubicExhaustion d)
                      (⟨J, 0, β⟩ : IsingParams ℝ) { x, z } n :=
                by rw [mul_right_comm, mul_div_assoc, div_self (ne_of_gt hm2α_pos), mul_one]
              rw [hcancel, ← hc_deriv.deriv]
              exact hsharp
            obtain ⟨dv, hdv_deriv, hdv_bd⟩ :=
              pseudoMass_pow_succ_deriv_bound α hpos hh hc_deriv hm_pos.le hg_eq hm_pos hcorr.1 hc_der
            exact ⟨dv, hdv_deriv, hdv_bd⟩
        [Elab.step] [10.325129] ✅️ classical
            have hpos : (0 : ℝ) < (latticeDistance d x z : ℝ) := by
              exact_mod_cast Nat.pos_of_ne_zero (fun h => hxz ((IsingModel.latticeDistance_eq_zero_iff d x z).mp h))
            have hxzsub : ({ x, z } : Finset (Fin d → ℤ)) ⊆ (cubicExhaustion d).volume n :=
              by
              intro w hw; rw [Finset.mem_insert, Finset.mem_singleton] at hw
              rcases hw with rfl | rfl
              · exact hx
              · exact hz
            set Sval : ℝ :=
              (J *
                  (2 *
                        (1 +
                          (finiteRegionPseudoMassDistFV hα (⟨J, 0, β⟩ : IsingParams ℝ) n hA *
                              (latticeDistance d x z : ℝ)) ^
                            α) *
                      Real.exp (finiteRegionPseudoMassDistFV hα (⟨J, 0, β⟩ : IsingParams ℝ) n hA) *
                    (C * (1 + (latticeDistance d x z : ℝ)) ^ (-(2 * (α : ℝ) - (d : ℝ))))) +
                J *
                  ((4 * d : ℝ) *
                    ((1 + (2 : ℝ) ^ α) * Real.exp (finiteRegionPseudoMassDistFV hα (⟨J, 0, β⟩ : IsingParams ℝ) n hA) +
                      (1 + (finiteRegionPseudoMassDistFV hα (⟨J, 0, β⟩ : IsingParams ℝ) n hA) ^ α) *
                          Real.exp (finiteRegionPseudoMassDistFV hα (⟨J, 0, β⟩ : IsingParams ℝ) n hA) /
                        2))) with
              hSval_def
            obtain ⟨c', hc_deriv⟩ :=
              correlationAlongExhaustion_latticeGraph_hasDerivAt_beta d (cubicExhaustion d) J β { x, z } n
            have hcorr :
              Ambient.correlationAlongExhaustion (IsingModel.latticeGraph d) (cubicExhaustion d)
                  (⟨J, 0, β⟩ : IsingParams ℝ) { x, z } n ∈
                Set.Ioo (0 : ℝ) 2 :=
              correlationAlongExhaustion_cubicExhaustion_pair_active hJ hβ hxz hxzsub
            have hfun :
              (fun β' => pseudoMassFromParamsAtPairFV hα (⟨J, 0, β'⟩ : IsingParams ℝ) n x z) =
                (fun β' =>
                  pseudoMassExt hα hpos
                    (Ambient.correlationAlongExhaustion (IsingModel.latticeGraph d) (cubicExhaustion d)
                      (⟨J, 0, β'⟩ : IsingParams ℝ) { x, z } n)) :=
              by funext β'; exact pseudoMassFromParamsAtPairFV_of_ne hα (⟨J, 0, β'⟩ : IsingParams ℝ) n hxz hpos
            have hdiff :
              DifferentiableAt ℝ (fun β' => pseudoMassFromParamsAtPairFV hα (⟨J, 0, β'⟩ : IsingParams ℝ) n x z) β :=
              by
              rw [hfun]
              exact ((pseudoMassExt_hasStrictDerivAt hα hpos hcorr).hasDerivAt.comp β hc_deriv).differentiableAt
            have hh :
              HasDerivAt (fun β' => pseudoMassFromParamsAtPairFV hα (⟨J, 0, β'⟩ : IsingParams ℝ) n x z)
                (deriv (fun β' => pseudoMassFromParamsAtPairFV hα (⟨J, 0, β'⟩ : IsingParams ℝ) n x z) β) β :=
              hdiff.hasDerivAt
            have hcorr_event :
              ∀ᶠ β' in nhds β,
                Ambient.correlationAlongExhaustion (IsingModel.latticeGraph d) (cubicExhaustion d)
                    (⟨J, 0, β'⟩ : IsingParams ℝ) { x, z } n ∈
                  Set.Ioo (0 : ℝ) 2 :=
              hc_deriv.continuousAt.eventually_mem (IsOpen.mem_nhds isOpen_Ioo hcorr)
            have hg_eq :
              (fun β' =>
                  pseudoMassG α (latticeDistance d x z : ℝ)
                    (pseudoMassFromParamsAtPairFV hα (⟨J, 0, β'⟩ : IsingParams ℝ) n x z)) =ᶠ[nhds β]
                (fun β' =>
                  Ambient.correlationAlongExhaustion (IsingModel.latticeGraph d) (cubicExhaustion d)
                    (⟨J, 0, β'⟩ : IsingParams ℝ) { x, z } n) :=
              by
              have hbase :=
                pseudoMassG_pseudoMassExt_eventuallyEq_of_eventually_mem hα hpos (c := fun β' =>
                  Ambient.correlationAlongExhaustion (IsingModel.latticeGraph d) (cubicExhaustion d)
                    (⟨J, 0, β'⟩ : IsingParams ℝ) { x, z } n)
                  hcorr_event
              have hBA :
                (fun β' =>
                    pseudoMassG α (latticeDistance d x z : ℝ)
                      (pseudoMassFromParamsAtPairFV hα (⟨J, 0, β'⟩ : IsingParams ℝ) n x z)) =
                  (fun β' =>
                    pseudoMassG α (latticeDistance d x z : ℝ)
                      (pseudoMassExt hα hpos
                        (Ambient.correlationAlongExhaustion (IsingModel.latticeGraph d) (cubicExhaustion d)
                          (⟨J, 0, β'⟩ : IsingParams ℝ) { x, z } n))) :=
                by
                funext β'
                rw [pseudoMassFromParamsAtPairFV_of_ne hα (⟨J, 0, β'⟩ : IsingParams ℝ) n hxz hpos]
              rw [hBA]; exact hbase
            have hm_pos : 0 < pseudoMassFromParamsAtPairFV hα (⟨J, 0, β⟩ : IsingParams ℝ) n x z :=
              pseudoMassFromParamsAtPairFV_pos hα hJ hβ hxz hxzsub
            have hm2α_pos : (0 : ℝ) < (pseudoMassFromParamsAtPairFV hα (⟨J, 0, β⟩ : IsingParams ℝ) n x z) ^ (2 * α) :=
              pow_pos hm_pos
                _
                  -- the `K·c/m^{2α} = Sval·c` form of the sharp bound.
                  
            have hc_der :
              |c'| ≤
                (Sval * (pseudoMassFromParamsAtPairFV hα (⟨J, 0, β⟩ : IsingParams ℝ) n x z) ^ (2 * α)) *
                    Ambient.correlationAlongExhaustion (IsingModel.latticeGraph d) (cubicExhaustion d)
                      (⟨J, 0, β⟩ : IsingParams ℝ) { x, z } n /
                  (pseudoMassFromParamsAtPairFV hα (⟨J, 0, β⟩ : IsingParams ℝ) n x z) ^ (2 * α) :=
              by
              have hcancel :
                (Sval * (pseudoMassFromParamsAtPairFV hα (⟨J, 0, β⟩ : IsingParams ℝ) n x z) ^ (2 * α)) *
                      Ambient.correlationAlongExhaustion (IsingModel.latticeGraph d) (cubicExhaustion d)
                        (⟨J, 0, β⟩ : IsingParams ℝ) { x, z } n /
                    (pseudoMassFromParamsAtPairFV hα (⟨J, 0, β⟩ : IsingParams ℝ) n x z) ^ (2 * α) =
                  Sval *
                    Ambient.correlationAlongExhaustion (IsingModel.latticeGraph d) (cubicExhaustion d)
                      (⟨J, 0, β⟩ : IsingParams ℝ) { x, z } n :=
                by rw [mul_right_comm, mul_div_assoc, div_self (ne_of_gt hm2α_pos), mul_one]
              rw [hcancel, ← hc_deriv.deriv]
              exact hsharp
            obtain ⟨dv, hdv_deriv, hdv_bd⟩ :=
              pseudoMass_pow_succ_deriv_bound α hpos hh hc_deriv hm_pos.le hg_eq hm_pos hcorr.1 hc_der
            exact ⟨dv, hdv_deriv, hdv_bd⟩
          [Elab.step] [10.323918] ✅️ 
                have hpos : (0 : ℝ) < (latticeDistance d x z : ℝ) := by
                  exact_mod_cast Nat.pos_of_ne_zero (fun h => hxz ((IsingModel.latticeDistance_eq_zero_iff d x z).mp h))
                have hxzsub : ({ x, z } : Finset (Fin d → ℤ)) ⊆ (cubicExhaustion d).volume n :=
                  by
                  intro w hw; rw [Finset.mem_insert, Finset.mem_singleton] at hw
                  rcases hw with rfl | rfl
                  · exact hx
                  · exact hz
                set Sval : ℝ :=
                  (J *
                      (2 *
                            (1 +
                              (finiteRegionPseudoMassDistFV hα (⟨J, 0, β⟩ : IsingParams ℝ) n hA *
                                  (latticeDistance d x z : ℝ)) ^
                                α) *
                          Real.exp (finiteRegionPseudoMassDistFV hα (⟨J, 0, β⟩ : IsingParams ℝ) n hA) *
                        (C * (1 + (latticeDistance d x z : ℝ)) ^ (-(2 * (α : ℝ) - (d : ℝ))))) +
                    J *
                      ((4 * d : ℝ) *
                        ((1 + (2 : ℝ) ^ α) *
                            Real.exp (finiteRegionPseudoMassDistFV hα (⟨J, 0, β⟩ : IsingParams ℝ) n hA) +
                          (1 + (finiteRegionPseudoMassDistFV hα (⟨J, 0, β⟩ : IsingParams ℝ) n hA) ^ α) *
                              Real.exp (finiteRegionPseudoMassDistFV hα (⟨J, 0, β⟩ : IsingParams ℝ) n hA) /
                            2))) with
                  hSval_def
                obtain ⟨c', hc_deriv⟩ :=
                  correlationAlongExhaustion_latticeGraph_hasDerivAt_beta d (cubicExhaustion d) J β { x, z } n
                have hcorr :
                  Ambient.correlationAlongExhaustion (IsingModel.latticeGraph d) (cubicExhaustion d)
                      (⟨J, 0, β⟩ : IsingParams ℝ) { x, z } n ∈
                    Set.Ioo (0 : ℝ) 2 :=
                  correlationAlongExhaustion_cubicExhaustion_pair_active hJ hβ hxz hxzsub
                have hfun :
                  (fun β' => pseudoMassFromParamsAtPairFV hα (⟨J, 0, β'⟩ : IsingParams ℝ) n x z) =
                    (fun β' =>
                      pseudoMassExt hα hpos
                        (Ambient.correlationAlongExhaustion (IsingModel.latticeGraph d) (cubicExhaustion d)
                          (⟨J, 0, β'⟩ : IsingParams ℝ) { x, z } n)) :=
                  by funext β'; exact pseudoMassFromParamsAtPairFV_of_ne hα (⟨J, 0, β'⟩ : IsingParams ℝ) n hxz hpos
                have hdiff :
                  DifferentiableAt ℝ (fun β' => pseudoMassFromParamsAtPairFV hα (⟨J, 0, β'⟩ : IsingParams ℝ) n x z) β :=
                  by
                  rw [hfun]
                  exact ((pseudoMassExt_hasStrictDerivAt hα hpos hcorr).hasDerivAt.comp β hc_deriv).differentiableAt
                have hh :
                  HasDerivAt (fun β' => pseudoMassFromParamsAtPairFV hα (⟨J, 0, β'⟩ : IsingParams ℝ) n x z)
                    (deriv (fun β' => pseudoMassFromParamsAtPairFV hα (⟨J, 0, β'⟩ : IsingParams ℝ) n x z) β) β :=
                  hdiff.hasDerivAt
                have hcorr_event :
                  ∀ᶠ β' in nhds β,
                    Ambient.correlationAlongExhaustion (IsingModel.latticeGraph d) (cubicExhaustion d)
                        (⟨J, 0, β'⟩ : IsingParams ℝ) { x, z } n ∈
                      Set.Ioo (0 : ℝ) 2 :=
                  hc_deriv.continuousAt.eventually_mem (IsOpen.mem_nhds isOpen_Ioo hcorr)
                have hg_eq :
                  (fun β' =>
                      pseudoMassG α (latticeDistance d x z : ℝ)
                        (pseudoMassFromParamsAtPairFV hα (⟨J, 0, β'⟩ : IsingParams ℝ) n x z)) =ᶠ[nhds β]
                    (fun β' =>
                      Ambient.correlationAlongExhaustion (IsingModel.latticeGraph d) (cubicExhaustion d)
                        (⟨J, 0, β'⟩ : IsingParams ℝ) { x, z } n) :=
                  by
                  have hbase :=
                    pseudoMassG_pseudoMassExt_eventuallyEq_of_eventually_mem hα hpos (c := fun β' =>
                      Ambient.correlationAlongExhaustion (IsingModel.latticeGraph d) (cubicExhaustion d)
                        (⟨J, 0, β'⟩ : IsingParams ℝ) { x, z } n)
                      hcorr_event
                  have hBA :
                    (fun β' =>
                        pseudoMassG α (latticeDistance d x z : ℝ)
                          (pseudoMassFromParamsAtPairFV hα (⟨J, 0, β'⟩ : IsingParams ℝ) n x z)) =
                      (fun β' =>
                        pseudoMassG α (latticeDistance d x z : ℝ)
                          (pseudoMassExt hα hpos
                            (Ambient.correlationAlongExhaustion (IsingModel.latticeGraph d) (cubicExhaustion d)
                              (⟨J, 0, β'⟩ : IsingParams ℝ) { x, z } n))) :=
                    by
                    funext β'
                    rw [pseudoMassFromParamsAtPairFV_of_ne hα (⟨J, 0, β'⟩ : IsingParams ℝ) n hxz hpos]
                  rw [hBA]; exact hbase
                have hm_pos : 0 < pseudoMassFromParamsAtPairFV hα (⟨J, 0, β⟩ : IsingParams ℝ) n x z :=
                  pseudoMassFromParamsAtPairFV_pos hα hJ hβ hxz hxzsub
                have hm2α_pos :
                  (0 : ℝ) < (pseudoMassFromParamsAtPairFV hα (⟨J, 0, β⟩ : IsingParams ℝ) n x z) ^ (2 * α) :=
                  pow_pos hm_pos
                    _
                      -- the `K·c/m^{2α} = Sval·c` form of the sharp bound.
                      
                have hc_der :
                  |c'| ≤
                    (Sval * (pseudoMassFromParamsAtPairFV hα (⟨J, 0, β⟩ : IsingParams ℝ) n x z) ^ (2 * α)) *
                        Ambient.correlationAlongExhaustion (IsingModel.latticeGraph d) (cubicExhaustion d)
                          (⟨J, 0, β⟩ : IsingParams ℝ) { x, z } n /
                      (pseudoMassFromParamsAtPairFV hα (⟨J, 0, β⟩ : IsingParams ℝ) n x z) ^ (2 * α) :=
                  by
                  have hcancel :
                    (Sval * (pseudoMassFromParamsAtPairFV hα (⟨J, 0, β⟩ : IsingParams ℝ) n x z) ^ (2 * α)) *
                          Ambient.correlationAlongExhaustion (IsingModel.latticeGraph d) (cubicExhaustion d)
                            (⟨J, 0, β⟩ : IsingParams ℝ) { x, z } n /
                        (pseudoMassFromParamsAtPairFV hα (⟨J, 0, β⟩ : IsingParams ℝ) n x z) ^ (2 * α) =
                      Sval *
                        Ambient.correlationAlongExhaustion (IsingModel.latticeGraph d) (cubicExhaustion d)
                          (⟨J, 0, β⟩ : IsingParams ℝ) { x, z } n :=
                    by rw [mul_right_comm, mul_div_assoc, div_self (ne_of_gt hm2α_pos), mul_one]
                  rw [hcancel, ← hc_deriv.deriv]
                  exact hsharp
                obtain ⟨dv, hdv_deriv, hdv_bd⟩ :=
                  pseudoMass_pow_succ_deriv_bound α hpos hh hc_deriv hm_pos.le hg_eq hm_pos hcorr.1 hc_der
                exact ⟨dv, hdv_deriv, hdv_bd⟩
            [Elab.step] [10.323901] ✅️ 
                  have hpos : (0 : ℝ) < (latticeDistance d x z : ℝ) := by
                    exact_mod_cast
                      Nat.pos_of_ne_zero (fun h => hxz ((IsingModel.latticeDistance_eq_zero_iff d x z).mp h))
                  have hxzsub : ({ x, z } : Finset (Fin d → ℤ)) ⊆ (cubicExhaustion d).volume n :=
                    by
                    intro w hw; rw [Finset.mem_insert, Finset.mem_singleton] at hw
                    rcases hw with rfl | rfl
                    · exact hx
                    · exact hz
                  set Sval : ℝ :=
                    (J *
                        (2 *
                              (1 +
                                (finiteRegionPseudoMassDistFV hα (⟨J, 0, β⟩ : IsingParams ℝ) n hA *
                                    (latticeDistance d x z : ℝ)) ^
                                  α) *
                            Real.exp (finiteRegionPseudoMassDistFV hα (⟨J, 0, β⟩ : IsingParams ℝ) n hA) *
                          (C * (1 + (latticeDistance d x z : ℝ)) ^ (-(2 * (α : ℝ) - (d : ℝ))))) +
                      J *
                        ((4 * d : ℝ) *
                          ((1 + (2 : ℝ) ^ α) *
                              Real.exp (finiteRegionPseudoMassDistFV hα (⟨J, 0, β⟩ : IsingParams ℝ) n hA) +
                            (1 + (finiteRegionPseudoMassDistFV hα (⟨J, 0, β⟩ : IsingParams ℝ) n hA) ^ α) *
                                Real.exp (finiteRegionPseudoMassDistFV hα (⟨J, 0, β⟩ : IsingParams ℝ) n hA) /
                              2))) with
                    hSval_def
                  obtain ⟨c', hc_deriv⟩ :=
                    correlationAlongExhaustion_latticeGraph_hasDerivAt_beta d (cubicExhaustion d) J β { x, z } n
                  have hcorr :
                    Ambient.correlationAlongExhaustion (IsingModel.latticeGraph d) (cubicExhaustion d)
                        (⟨J, 0, β⟩ : IsingParams ℝ) { x, z } n ∈
                      Set.Ioo (0 : ℝ) 2 :=
                    correlationAlongExhaustion_cubicExhaustion_pair_active hJ hβ hxz hxzsub
                  have hfun :
                    (fun β' => pseudoMassFromParamsAtPairFV hα (⟨J, 0, β'⟩ : IsingParams ℝ) n x z) =
                      (fun β' =>
                        pseudoMassExt hα hpos
                          (Ambient.correlationAlongExhaustion (IsingModel.latticeGraph d) (cubicExhaustion d)
                            (⟨J, 0, β'⟩ : IsingParams ℝ) { x, z } n)) :=
                    by funext β'; exact pseudoMassFromParamsAtPairFV_of_ne hα (⟨J, 0, β'⟩ : IsingParams ℝ) n hxz hpos
                  have hdiff :
                    DifferentiableAt ℝ (fun β' => pseudoMassFromParamsAtPairFV hα (⟨J, 0, β'⟩ : IsingParams ℝ) n x z)
                      β :=
                    by
                    rw [hfun]
                    exact ((pseudoMassExt_hasStrictDerivAt hα hpos hcorr).hasDerivAt.comp β hc_deriv).differentiableAt
                  have hh :
                    HasDerivAt (fun β' => pseudoMassFromParamsAtPairFV hα (⟨J, 0, β'⟩ : IsingParams ℝ) n x z)
                      (deriv (fun β' => pseudoMassFromParamsAtPairFV hα (⟨J, 0, β'⟩ : IsingParams ℝ) n x z) β) β :=
                    hdiff.hasDerivAt
                  have hcorr_event :
                    ∀ᶠ β' in nhds β,
                      Ambient.correlationAlongExhaustion (IsingModel.latticeGraph d) (cubicExhaustion d)
                          (⟨J, 0, β'⟩ : IsingParams ℝ) { x, z } n ∈
                        Set.Ioo (0 : ℝ) 2 :=
                    hc_deriv.continuousAt.eventually_mem (IsOpen.mem_nhds isOpen_Ioo hcorr)
                  have hg_eq :
                    (fun β' =>
                        pseudoMassG α (latticeDistance d x z : ℝ)
                          (pseudoMassFromParamsAtPairFV hα (⟨J, 0, β'⟩ : IsingParams ℝ) n x z)) =ᶠ[nhds β]
                      (fun β' =>
                        Ambient.correlationAlongExhaustion (IsingModel.latticeGraph d) (cubicExhaustion d)
                          (⟨J, 0, β'⟩ : IsingParams ℝ) { x, z } n) :=
                    by
                    have hbase :=
                      pseudoMassG_pseudoMassExt_eventuallyEq_of_eventually_mem hα hpos (c := fun β' =>
                        Ambient.correlationAlongExhaustion (IsingModel.latticeGraph d) (cubicExhaustion d)
                          (⟨J, 0, β'⟩ : IsingParams ℝ) { x, z } n)
                        hcorr_event
                    have hBA :
                      (fun β' =>
                          pseudoMassG α (latticeDistance d x z : ℝ)
                            (pseudoMassFromParamsAtPairFV hα (⟨J, 0, β'⟩ : IsingParams ℝ) n x z)) =
                        (fun β' =>
                          pseudoMassG α (latticeDistance d x z : ℝ)
                            (pseudoMassExt hα hpos
                              (Ambient.correlationAlongExhaustion (IsingModel.latticeGraph d) (cubicExhaustion d)
                                (⟨J, 0, β'⟩ : IsingParams ℝ) { x, z } n))) :=
                      by
                      funext β'
                      rw [pseudoMassFromParamsAtPairFV_of_ne hα (⟨J, 0, β'⟩ : IsingParams ℝ) n hxz hpos]
                    rw [hBA]; exact hbase
                  have hm_pos : 0 < pseudoMassFromParamsAtPairFV hα (⟨J, 0, β⟩ : IsingParams ℝ) n x z :=
                    pseudoMassFromParamsAtPairFV_pos hα hJ hβ hxz hxzsub
                  have hm2α_pos :
                    (0 : ℝ) < (pseudoMassFromParamsAtPairFV hα (⟨J, 0, β⟩ : IsingParams ℝ) n x z) ^ (2 * α) :=
                    pow_pos hm_pos
                      _
                        -- the `K·c/m^{2α} = Sval·c` form of the sharp bound.
                        
                  have hc_der :
                    |c'| ≤
                      (Sval * (pseudoMassFromParamsAtPairFV hα (⟨J, 0, β⟩ : IsingParams ℝ) n x z) ^ (2 * α)) *
                          Ambient.correlationAlongExhaustion (IsingModel.latticeGraph d) (cubicExhaustion d)
                            (⟨J, 0, β⟩ : IsingParams ℝ) { x, z } n /
                        (pseudoMassFromParamsAtPairFV hα (⟨J, 0, β⟩ : IsingParams ℝ) n x z) ^ (2 * α) :=
                    by
                    have hcancel :
                      (Sval * (pseudoMassFromParamsAtPairFV hα (⟨J, 0, β⟩ : IsingParams ℝ) n x z) ^ (2 * α)) *
                            Ambient.correlationAlongExhaustion (IsingModel.latticeGraph d) (cubicExhaustion d)
                              (⟨J, 0, β⟩ : IsingParams ℝ) { x, z } n /
                          (pseudoMassFromParamsAtPairFV hα (⟨J, 0, β⟩ : IsingParams ℝ) n x z) ^ (2 * α) =
                        Sval *
                          Ambient.correlationAlongExhaustion (IsingModel.latticeGraph d) (cubicExhaustion d)
                            (⟨J, 0, β⟩ : IsingParams ℝ) { x, z } n :=
                      by rw [mul_right_comm, mul_div_assoc, div_self (ne_of_gt hm2α_pos), mul_one]
                    rw [hcancel, ← hc_deriv.deriv]
                    exact hsharp
                  obtain ⟨dv, hdv_deriv, hdv_bd⟩ :=
                    pseudoMass_pow_succ_deriv_bound α hpos hh hc_deriv hm_pos.le hg_eq hm_pos hcorr.1 hc_der
                  exact ⟨dv, hdv_deriv, hdv_bd⟩
              [Elab.step] [10.163873] ✅️ have hdiff :
                    DifferentiableAt ℝ (fun β' => pseudoMassFromParamsAtPairFV hα (⟨J, 0, β'⟩ : IsingParams ℝ) n x z)
                      β :=
                    by
                    rw [hfun]
                    exact ((pseudoMassExt_hasStrictDerivAt hα hpos hcorr).hasDerivAt.comp β hc_deriv).differentiableAt
                [Elab.step] [10.163750] ✅️ focus
                      refine
                        no_implicit_lambda%
                          (have hdiff :
                            DifferentiableAt ℝ
                              (fun β' => pseudoMassFromParamsAtPairFV hα (⟨J, 0, β'⟩ : IsingParams ℝ) n x z) β :=
                            ?body✝;
                          ?_)
                      case body✝ =>
                        with_annotate_state"by"
                          ( rw [hfun]
                            exact
                              ((pseudoMassExt_hasStrictDerivAt hα hpos hcorr).hasDerivAt.comp β
                                  hc_deriv).differentiableAt)
                  [Elab.step] [10.163745] ✅️ 
                        refine
                          no_implicit_lambda%
                            (have hdiff :
                              DifferentiableAt ℝ
                                (fun β' => pseudoMassFromParamsAtPairFV hα (⟨J, 0, β'⟩ : IsingParams ℝ) n x z) β :=
                              ?body✝;
                            ?_)
                        case body✝ =>
                          with_annotate_state"by"
                            ( rw [hfun]
                              exact
                                ((pseudoMassExt_hasStrictDerivAt hα hpos hcorr).hasDerivAt.comp β
                                    hc_deriv).differentiableAt)
                    [Elab.step] [10.163742] ✅️ 
                          refine
                            no_implicit_lambda%
                              (have hdiff :
                                DifferentiableAt ℝ
                                  (fun β' => pseudoMassFromParamsAtPairFV hα (⟨J, 0, β'⟩ : IsingParams ℝ) n x z) β :=
                                ?body✝;
                              ?_)
                          case body✝ =>
                            with_annotate_state"by"
                              ( rw [hfun]
                                exact
                                  ((pseudoMassExt_hasStrictDerivAt hα hpos hcorr).hasDerivAt.comp β
                                      hc_deriv).differentiableAt)
                      [Elab.step] [10.157402] ✅️ case body✝ =>
                            with_annotate_state"by"
                              ( rw [hfun]
                                exact
                                  ((pseudoMassExt_hasStrictDerivAt hα hpos hcorr).hasDerivAt.comp β
                                      hc_deriv).differentiableAt)
                        [Elab.step] [10.157329] ✅️ with_annotate_state"by"
                                ( rw [hfun]
                                  exact
                                    ((pseudoMassExt_hasStrictDerivAt hα hpos hcorr).hasDerivAt.comp β
                                        hc_deriv).differentiableAt)
                          [Elab.step] [10.157325] ✅️ with_annotate_state"by"
                                  ( rw [hfun]
                                    exact
                                      ((pseudoMassExt_hasStrictDerivAt hα hpos hcorr).hasDerivAt.comp β
                                          hc_deriv).differentiableAt)
                            [Elab.step] [10.157321] ✅️ with_annotate_state"by"
                                  ( rw [hfun]
                                    exact
                                      ((pseudoMassExt_hasStrictDerivAt hα hpos hcorr).hasDerivAt.comp β
                                          hc_deriv).differentiableAt)
                              [Elab.step] [10.157316] ✅️ (
                                    rw [hfun]
                                    exact
                                      ((pseudoMassExt_hasStrictDerivAt hα hpos hcorr).hasDerivAt.comp β
                                          hc_deriv).differentiableAt)
                                [Elab.step] [10.157311] ✅️ 
                                      rw [hfun]
                                      exact
                                        ((pseudoMassExt_hasStrictDerivAt hα hpos hcorr).hasDerivAt.comp β
                                            hc_deriv).differentiableAt
                                  [Elab.step] [10.157307] ✅️ 
                                        rw [hfun]
                                        exact
                                          ((pseudoMassExt_hasStrictDerivAt hα hpos hcorr).hasDerivAt.comp β
                                              hc_deriv).differentiableAt
                                    [Elab.step] [10.156278] ✅️ exact
                                          ((pseudoMassExt_hasStrictDerivAt hα hpos hcorr).hasDerivAt.comp β
                                              hc_deriv).differentiableAt
                                      [Elab.step] [10.152250] ✅️ expected type: DifferentiableAt ℝ
                                            (fun β' =>
                                              pseudoMassExt hα hpos
                                                (correlationAlongExhaustion (latticeGraph d) (cubicExhaustion d)
                                                  { J := J, h := 0, β := β' } {x, z} n))
                                            β, term
                                          ((pseudoMassExt_hasStrictDerivAt hα hpos hcorr).hasDerivAt.comp β
                                              hc_deriv).differentiableAt
                                        [Elab.step] [9.821755] ✅️ expected type: <not-available>, term
                                            ((pseudoMassExt_hasStrictDerivAt hα hpos hcorr).hasDerivAt.comp β hc_deriv)
                                          [Elab.step] [9.821740] ✅️ expected type: <not-available>, term
                                              (pseudoMassExt_hasStrictDerivAt hα hpos hcorr).hasDerivAt.comp β hc_deriv
                                            [Meta.isDefEq] [9.808688] ❌️ HasDerivAt (pseudoMassExt hα hpos)
                                                  ((-2 * ↑(latticeDistance d x z) *
                                                            Real.exp
                                                              (-(pseudoMass hα hpos hcorr * ↑(latticeDistance d x z))) *
                                                          (1 +
                                                            (pseudoMass hα hpos hcorr * ↑(latticeDistance d x z)) ^ α) -
                                                        2 *
                                                            Real.exp
                                                              (-(pseudoMass hα hpos hcorr * ↑(latticeDistance d x z))) *
                                                          (↑α *
                                                              (pseudoMass hα hpos hcorr * ↑(latticeDistance d x z)) ^
                                                                (α - 1) *
                                                            ↑(latticeDistance d x z))) /
                                                      (1 + (pseudoMass hα hpos hcorr * ↑(latticeDistance d x z)) ^ α) ^
                                                        2)⁻¹
                                                  (correlationAlongExhaustion (latticeGraph d) (cubicExhaustion d)
                                                    { J := J, h := 0, β := β } {x, z}
                                                    n) =?= HasDerivAt ?m.950 ?m.952 (?m.949 β)
                                              [Meta.isDefEq] [9.754975] ❌️ HasDerivAtFilter (pseudoMassExt hα hpos)
                                                    ((-2 * ↑(latticeDistance d x z) *
                                                              Real.exp
                                                                (-(pseudoMass hα hpos hcorr *
                                                                    ↑(latticeDistance d x z))) *
                                                            (1 +
                                                              (pseudoMass hα hpos hcorr * ↑(latticeDistance d x z)) ^
                                                                α) -
                                                          2 *
                                                              Real.exp
                                                                (-(pseudoMass hα hpos hcorr *
                                                                    ↑(latticeDistance d x z))) *
                                                            (↑α *
                                                                (pseudoMass hα hpos hcorr * ↑(latticeDistance d x z)) ^
                                                                  (α - 1) *
                                                              ↑(latticeDistance d x z))) /
                                                        (1 +
                                                            (pseudoMass hα hpos hcorr * ↑(latticeDistance d x z)) ^ α) ^
                                                          2)⁻¹
                                                    (𝓝
                                                        (correlationAlongExhaustion (latticeGraph d) (cubicExhaustion d)
                                                          { J := J, h := 0, β := β } {x, z} n) ×ˢ
                                                      pure
                                                        (correlationAlongExhaustion (latticeGraph d) (cubicExhaustion d)
                                                          { J := J, h := 0, β := β } {x, z}
                                                          n)) =?= HasDerivAtFilter ?m.950 ?m.952
                                                    (𝓝 (?m.949 β) ×ˢ pure (?m.949 β))
                                                [Meta.isDefEq.delta] [4.893839] ❌️ HasDerivAtFilter
                                                      (pseudoMassExt hα hpos)
                                                      ((-2 * ↑(latticeDistance d x z) *
                                                                Real.exp
                                                                  (-(pseudoMass hα hpos hcorr *
                                                                      ↑(latticeDistance d x z))) *
                                                              (1 +
                                                                (pseudoMass hα hpos hcorr * ↑(latticeDistance d x z)) ^
                                                                  α) -
                                                            2 *
                                                                Real.exp
                                                                  (-(pseudoMass hα hpos hcorr *
                                                                      ↑(latticeDistance d x z))) *
                                                              (↑α *
                                                                  (pseudoMass hα hpos hcorr *
                                                                      ↑(latticeDistance d x z)) ^
                                                                    (α - 1) *
                                                                ↑(latticeDistance d x z))) /
                                                          (1 +
                                                              (pseudoMass hα hpos hcorr * ↑(latticeDistance d x z)) ^
                                                                α) ^
                                                            2)⁻¹
                                                      (𝓝
                                                          (correlationAlongExhaustion (latticeGraph d)
                                                            (cubicExhaustion d) { J := J, h := 0, β := β } {x, z} n) ×ˢ
                                                        pure
                                                          (correlationAlongExhaustion (latticeGraph d)
                                                            (cubicExhaustion d) { J := J, h := 0, β := β } {x, z}
                                                            n)) =?= HasDerivAtFilter ?m.950 ?m.952
                                                      (𝓝 (?m.949 β) ×ˢ pure (?m.949 β))
                                                  [Meta.isDefEq] [4.893667] ❌️ 𝓝
                                                          (correlationAlongExhaustion (latticeGraph d)
                                                            (cubicExhaustion d) { J := J, h := 0, β := β } {x, z} n) ×ˢ
                                                        pure
                                                          (correlationAlongExhaustion (latticeGraph d)
                                                            (cubicExhaustion d) { J := J, h := 0, β := β } {x, z}
                                                            n) =?= 𝓝 (?m.949 β) ×ˢ pure (?m.949 β)
                                                    [Meta.isDefEq] [4.864258] ❌️ instSProd.1
                                                          (𝓝
                                                            (correlationAlongExhaustion (latticeGraph d)
                                                              (cubicExhaustion d) { J := J, h := 0, β := β } {x, z} n))
                                                          (pure
                                                            (correlationAlongExhaustion (latticeGraph d)
                                                              (cubicExhaustion d) { J := J, h := 0, β := β } {x, z}
                                                              n)) =?= instSProd.1 (𝓝 (?m.949 β)) (pure (?m.949 β))
                                                      [Meta.isDefEq] [4.864216] ❌️ comap Prod.fst
                                                              (𝓝
                                                                (correlationAlongExhaustion (latticeGraph d)
                                                                  (cubicExhaustion d) { J := J, h := 0, β := β } {x, z}
                                                                  n)) ⊓
                                                            comap Prod.snd
                                                              (pure
                                                                (correlationAlongExhaustion (latticeGraph d)
                                                                  (cubicExhaustion d) { J := J, h := 0, β := β } {x, z}
                                                                  n)) =?= comap Prod.fst (𝓝 (?m.949 β)) ⊓
                                                            comap Prod.snd (pure (?m.949 β))
                                                        [Meta.isDefEq] [4.540689] ❌️ instInf.1
                                                              (comap Prod.fst
                                                                (𝓝
                                                                  (correlationAlongExhaustion (latticeGraph d)
                                                                    (cubicExhaustion d) { J := J, h := 0, β := β }
                                                                    {x, z} n)))
                                                              (comap Prod.snd
                                                                (pure
                                                                  (correlationAlongExhaustion (latticeGraph d)
                                                                    (cubicExhaustion d) { J := J, h := 0, β := β }
                                                                    {x, z}
                                                                    n))) =?= instInf.1 (comap Prod.fst (𝓝 (?m.949 β)))
                                                              (comap Prod.snd (pure (?m.949 β)))
                                                          [Meta.isDefEq] [4.540648] ❌️ {
                                                                sets :=
                                                                  {s |
                                                                    ∃
                                                                      a ∈
                                                                        comap Prod.fst
                                                                          (𝓝
                                                                            (correlationAlongExhaustion (latticeGraph d)
                                                                              (cubicExhaustion d)
                                                                              { J := J, h := 0, β := β } {x, z} n)),
                                                                      ∃
                                                                        b ∈
                                                                          comap Prod.snd
                                                                            (pure
                                                                              (correlationAlongExhaustion
                                                                                (latticeGraph d) (cubicExhaustion d)
                                                                                { J := J, h := 0, β := β } {x, z} n)),
                                                                        s = a ∩ b},
                                                                univ_sets := ⋯, sets_of_superset := ⋯,
                                                                inter_sets :=
                                                                  ⋯ } =?= {
                                                                sets :=
                                                                  {s |
                                                                    ∃ a ∈ comap Prod.fst (𝓝 (?m.949 β)),
                                                                      ∃ b ∈ comap Prod.snd (pure (?m.949 β)),
                                                                        s = a ∩ b},
                                                                univ_sets := ⋯, sets_of_superset := ⋯, inter_sets := ⋯ }
                                                            [Meta.isDefEq] [4.540619] ❌️ {s |
                                                                  ∃
                                                                    a ∈
                                                                      comap Prod.fst
                                                                        (𝓝
                                                                          (correlationAlongExhaustion (latticeGraph d)
                                                                            (cubicExhaustion d)
                                                                            { J := J, h := 0, β := β } {x, z} n)),
                                                                    ∃
                                                                      b ∈
                                                                        comap Prod.snd
                                                                          (pure
                                                                            (correlationAlongExhaustion (latticeGraph d)
                                                                              (cubicExhaustion d)
                                                                              { J := J, h := 0, β := β } {x, z} n)),
                                                                      s =
                                                                        a ∩
                                                                          b} =?= {s |
                                                                  ∃ a ∈ comap Prod.fst (𝓝 (?m.949 β)),
                                                                    ∃ b ∈ comap Prod.snd (pure (?m.949 β)), s = a ∩ b}
                                                              [Meta.isDefEq.delta] [2.266061] ❌️ {s |
                                                                    ∃
                                                                      a ∈
                                                                        comap Prod.fst
                                                                          (𝓝
                                                                            (correlationAlongExhaustion (latticeGraph d)
                                                                              (cubicExhaustion d)
                                                                              { J := J, h := 0, β := β } {x, z} n)),
                                                                      ∃
                                                                        b ∈
                                                                          comap Prod.snd
                                                                            (pure
                                                                              (correlationAlongExhaustion
                                                                                (latticeGraph d) (cubicExhaustion d)
                                                                                { J := J, h := 0, β := β } {x, z} n)),
                                                                        s =
                                                                          a ∩
                                                                            b} =?= {s |
                                                                    ∃ a ∈ comap Prod.fst (𝓝 (?m.949 β)),
                                                                      ∃ b ∈ comap Prod.snd (pure (?m.949 β)), s = a ∩ b}
                                                                [Meta.isDefEq] [2.266056] ❌️ fun s =>
                                                                      ∃
                                                                        a ∈
                                                                          comap Prod.fst
                                                                            (𝓝
                                                                              (correlationAlongExhaustion
                                                                                (latticeGraph d) (cubicExhaustion d)
                                                                                { J := J, h := 0, β := β } {x, z} n)),
                                                                        ∃
                                                                          b ∈
                                                                            comap Prod.snd
                                                                              (pure
                                                                                (correlationAlongExhaustion
                                                                                  (latticeGraph d) (cubicExhaustion d)
                                                                                  { J := J, h := 0, β := β } {x, z} n)),
                                                                          s =
                                                                            a ∩
                                                                              b =?= fun s =>
                                                                      ∃ a ∈ comap Prod.fst (𝓝 (?m.949 β)),
                                                                        ∃ b ∈ comap Prod.snd (pure (?m.949 β)),
                                                                          s = a ∩ b
                                                                  [Meta.isDefEq] [2.266047] ❌️ ∃
                                                                        a ∈
                                                                          comap Prod.fst
                                                                            (𝓝
                                                                              (correlationAlongExhaustion
                                                                                (latticeGraph d) (cubicExhaustion d)
                                                                                { J := J, h := 0, β := β } {x, z} n)),
                                                                        ∃
                                                                          b ∈
                                                                            comap Prod.snd
                                                                              (pure
                                                                                (correlationAlongExhaustion
                                                                                  (latticeGraph d) (cubicExhaustion d)
                                                                                  { J := J, h := 0, β := β } {x, z} n)),
                                                                          s =
                                                                            a ∩
                                                                              b =?= ∃ a ∈ comap Prod.fst (𝓝 (?m.949 β)),
                                                                        ∃ b ∈ comap Prod.snd (pure (?m.949 β)),
                                                                          s = a ∩ b
                                                                    [Meta.isDefEq] [2.266033] ❌️ fun a =>
                                                                          a ∈
                                                                              comap Prod.fst
                                                                                (𝓝
                                                                                  (correlationAlongExhaustion
                                                                                    (latticeGraph d) (cubicExhaustion d)
                                                                                    { J := J, h := 0, β := β } {x, z}
                                                                                    n)) ∧
                                                                            ∃
                                                                              b ∈
                                                                                comap Prod.snd
                                                                                  (pure
                                                                                    (correlationAlongExhaustion
                                                                                      (latticeGraph d)
                                                                                      (cubicExhaustion d)
                                                                                      { J := J, h := 0, β := β } {x, z}
                                                                                      n)),
                                                                              s =
                                                                                a ∩
                                                                                  b =?= fun a =>
                                                                          a ∈ comap Prod.fst (𝓝 (?m.949 β)) ∧
                                                                            ∃ b ∈ comap Prod.snd (pure (?m.949 β)),
                                                                              s = a ∩ b
                                                                      [Meta.isDefEq] [2.266027] ❌️ a ∈
                                                                              comap Prod.fst
                                                                                (𝓝
                                                                                  (correlationAlongExhaustion
                                                                                    (latticeGraph d) (cubicExhaustion d)
                                                                                    { J := J, h := 0, β := β } {x, z}
                                                                                    n)) ∧
                                                                            ∃
                                                                              b ∈
                                                                                comap Prod.snd
                                                                                  (pure
                                                                                    (correlationAlongExhaustion
                                                                                      (latticeGraph d)
                                                                                      (cubicExhaustion d)
                                                                                      { J := J, h := 0, β := β } {x, z}
                                                                                      n)),
                                                                              s =
                                                                                a ∩
                                                                                  b =?= a ∈
                                                                              comap Prod.fst (𝓝 (?m.949 β)) ∧
                                                                            ∃ b ∈ comap Prod.snd (pure (?m.949 β)),
                                                                              s = a ∩ b
                                                                        [Meta.isDefEq] [2.266012] ❌️ a ∈
                                                                              comap Prod.fst
                                                                                (𝓝
                                                                                  (correlationAlongExhaustion
                                                                                    (latticeGraph d) (cubicExhaustion d)
                                                                                    { J := J, h := 0, β := β } {x, z}
                                                                                    n)) =?= a ∈
                                                                              comap Prod.fst (𝓝 (?m.949 β))
                                                                          [Meta.isDefEq] [1.924753] ❌️ instMembership.1
                                                                                (comap Prod.fst
                                                                                  (𝓝
                                                                                    (correlationAlongExhaustion
                                                                                      (latticeGraph d)
                                                                                      (cubicExhaustion d)
                                                                                      { J := J, h := 0, β := β } {x, z}
                                                                                      n)))
                                                                                a =?= instMembership.1
                                                                                (comap Prod.fst (𝓝 (?m.949 β))) a
                                                                            [Meta.isDefEq] [1.924722] ❌️ a ∈
                                                                                  (comap Prod.fst
                                                                                      (𝓝
                                                                                        (correlationAlongExhaustion
                                                                                          (latticeGraph d)
                                                                                          (cubicExhaustion d)
                                                                                          { J := J, h := 0, β := β }
                                                                                          {x, z}
                                                                                          n))).sets =?= a ∈
                                                                                  (comap Prod.fst (𝓝 (?m.949 β))).sets
                                                                              [Meta.isDefEq.delta] [0.654166] ❌️ a ∈
                                                                                    (comap Prod.fst
                                                                                        (𝓝
                                                                                          (correlationAlongExhaustion
                                                                                            (latticeGraph d)
                                                                                            (cubicExhaustion d)
                                                                                            { J := J, h := 0, β := β }
                                                                                            {x, z}
                                                                                            n))).sets =?= a ∈
                                                                                    (comap Prod.fst (𝓝 (?m.949 β))).sets
                                                                                [Meta.isDefEq] [0.654151] ❌️ (comap
                                                                                        Prod.fst
                                                                                        (𝓝
                                                                                          (correlationAlongExhaustion
                                                                                            (latticeGraph d)
                                                                                            (cubicExhaustion d)
                                                                                            { J := J, h := 0, β := β }
                                                                                            {x, z}
                                                                                            n))).sets =?= (comap
                                                                                        Prod.fst (𝓝 (?m.949 β))).sets
                                                                              [Meta.isDefEq] [1.270542] ❌️ Set.instMembership.1
                                                                                    (comap Prod.fst
                                                                                        (𝓝
                                                                                          (correlationAlongExhaustion
                                                                                            (latticeGraph d)
                                                                                            (cubicExhaustion d)
                                                                                            { J := J, h := 0, β := β }
                                                                                            {x, z} n))).sets
                                                                                    a =?= Set.instMembership.1
                                                                                    (comap Prod.fst (𝓝 (?m.949 β))).sets
                                                                                    a
                                                                                [Meta.isDefEq] [1.270516] ❌️ (comap
                                                                                            Prod.fst
                                                                                            (𝓝
                                                                                              (correlationAlongExhaustion
                                                                                                (latticeGraph d)
                                                                                                (cubicExhaustion d)
                                                                                                { J := J, h := 0,
                                                                                                  β := β }
                                                                                                {x, z} n))).sets.Mem
                                                                                      a =?= (comap Prod.fst
                                                                                            (𝓝 (?m.949 β))).sets.Mem
                                                                                      a
                                                                                  [Meta.isDefEq.delta] [0.651204] ❌️ (comap
                                                                                              Prod.fst
                                                                                              (𝓝
                                                                                                (correlationAlongExhaustion
                                                                                                  (latticeGraph d)
                                                                                                  (cubicExhaustion d)
                                                                                                  { J := J, h := 0,
                                                                                                    β := β }
                                                                                                  {x, z} n))).sets.Mem
                                                                                        a =?= (comap Prod.fst
                                                                                              (𝓝 (?m.949 β))).sets.Mem
                                                                                        a
                                                                                    [Meta.isDefEq] [0.651191] ❌️ (comap
                                                                                            Prod.fst
                                                                                            (𝓝
                                                                                              (correlationAlongExhaustion
                                                                                                (latticeGraph d)
                                                                                                (cubicExhaustion d)
                                                                                                { J := J, h := 0,
                                                                                                  β := β }
                                                                                                {x, z}
                                                                                                n))).sets =?= (comap
                                                                                            Prod.fst
                                                                                            (𝓝 (?m.949 β))).sets
                                                                                  [Meta.isDefEq] [0.619294] ❌️ (comap
                                                                                            Prod.fst
                                                                                            (𝓝
                                                                                              (correlationAlongExhaustion
                                                                                                (latticeGraph d)
                                                                                                (cubicExhaustion d)
                                                                                                { J := J, h := 0,
                                                                                                  β := β }
                                                                                                {x, z} n))).sets
                                                                                        a =?= (comap Prod.fst
                                                                                            (𝓝 (?m.949 β))).sets
                                                                                        a
                                                              [Meta.isDefEq] [2.274542] ❌️ fun s =>
                                                                    ∃
                                                                      a ∈
                                                                        comap Prod.fst
                                                                          (𝓝
                                                                            (correlationAlongExhaustion (latticeGraph d)
                                                                              (cubicExhaustion d)
                                                                              { J := J, h := 0, β := β } {x, z} n)),
                                                                      ∃
                                                                        b ∈
                                                                          comap Prod.snd
                                                                            (pure
                                                                              (correlationAlongExhaustion
                                                                                (latticeGraph d) (cubicExhaustion d)
                                                                                { J := J, h := 0, β := β } {x, z} n)),
                                                                        s =
                                                                          a ∩
                                                                            b =?= fun s =>
                                                                    ∃ a ∈ comap Prod.fst (𝓝 (?m.949 β)),
                                                                      ∃ b ∈ comap Prod.snd (pure (?m.949 β)), s = a ∩ b
                                                                [Meta.isDefEq] [2.274530] ❌️ ∃
                                                                      a ∈
                                                                        comap Prod.fst
                                                                          (𝓝
                                                                            (correlationAlongExhaustion (latticeGraph d)
                                                                              (cubicExhaustion d)
                                                                              { J := J, h := 0, β := β } {x, z} n)),
                                                                      ∃
                                                                        b ∈
                                                                          comap Prod.snd
                                                                            (pure
                                                                              (correlationAlongExhaustion
                                                                                (latticeGraph d) (cubicExhaustion d)
                                                                                { J := J, h := 0, β := β } {x, z} n)),
                                                                        s =
                                                                          a ∩
                                                                            b =?= ∃ a ∈ comap Prod.fst (𝓝 (?m.949 β)),
                                                                      ∃ b ∈ comap Prod.snd (pure (?m.949 β)), s = a ∩ b
                                                                  [Meta.isDefEq] [2.274501] ❌️ fun a =>
                                                                        a ∈
                                                                            comap Prod.fst
                                                                              (𝓝
                                                                                (correlationAlongExhaustion
                                                                                  (latticeGraph d) (cubicExhaustion d)
                                                                                  { J := J, h := 0, β := β } {x, z}
                                                                                  n)) ∧
                                                                          ∃
                                                                            b ∈
                                                                              comap Prod.snd
                                                                                (pure
                                                                                  (correlationAlongExhaustion
                                                                                    (latticeGraph d) (cubicExhaustion d)
                                                                                    { J := J, h := 0, β := β } {x, z}
                                                                                    n)),
                                                                            s =
                                                                              a ∩
                                                                                b =?= fun a =>
                                                                        a ∈ comap Prod.fst (𝓝 (?m.949 β)) ∧
                                                                          ∃ b ∈ comap Prod.snd (pure (?m.949 β)),
                                                                            s = a ∩ b
                                                                    [Meta.isDefEq] [2.274495] ❌️ a ∈
                                                                            comap Prod.fst
                                                                              (𝓝
                                                                                (correlationAlongExhaustion
                                                                                  (latticeGraph d) (cubicExhaustion d)
                                                                                  { J := J, h := 0, β := β } {x, z}
                                                                                  n)) ∧
                                                                          ∃
                                                                            b ∈
                                                                              comap Prod.snd
                                                                                (pure
                                                                                  (correlationAlongExhaustion
                                                                                    (latticeGraph d) (cubicExhaustion d)
                                                                                    { J := J, h := 0, β := β } {x, z}
                                                                                    n)),
                                                                            s =
                                                                              a ∩
                                                                                b =?= a ∈
                                                                            comap Prod.fst (𝓝 (?m.949 β)) ∧
                                                                          ∃ b ∈ comap Prod.snd (pure (?m.949 β)),
                                                                            s = a ∩ b
                                                                      [Meta.isDefEq] [2.274480] ❌️ a ∈
                                                                            comap Prod.fst
                                                                              (𝓝
                                                                                (correlationAlongExhaustion
                                                                                  (latticeGraph d) (cubicExhaustion d)
                                                                                  { J := J, h := 0, β := β } {x, z}
                                                                                  n)) =?= a ∈
                                                                            comap Prod.fst (𝓝 (?m.949 β))
                                                                        [Meta.isDefEq] [1.950257] ❌️ instMembership.1
                                                                              (comap Prod.fst
                                                                                (𝓝
                                                                                  (correlationAlongExhaustion
                                                                                    (latticeGraph d) (cubicExhaustion d)
                                                                                    { J := J, h := 0, β := β } {x, z}
                                                                                    n)))
                                                                              a =?= instMembership.1
                                                                              (comap Prod.fst (𝓝 (?m.949 β))) a
                                                                          [Meta.isDefEq] [1.950250] ❌️ a ∈
                                                                                (comap Prod.fst
                                                                                    (𝓝
                                                                                      (correlationAlongExhaustion
                                                                                        (latticeGraph d)
                                                                                        (cubicExhaustion d)
                                                                                        { J := J, h := 0, β := β }
                                                                                        {x, z}
                                                                                        n))).sets =?= a ∈
                                                                                (comap Prod.fst (𝓝 (?m.949 β))).sets
                                                                            [Meta.isDefEq.delta] [0.661148] ❌️ a ∈
                                                                                  (comap Prod.fst
                                                                                      (𝓝
                                                                                        (correlationAlongExhaustion
                                                                                          (latticeGraph d)
                                                                                          (cubicExhaustion d)
                                                                                          { J := J, h := 0, β := β }
                                                                                          {x, z}
                                                                                          n))).sets =?= a ∈
                                                                                  (comap Prod.fst (𝓝 (?m.949 β))).sets
                                                                              [Meta.isDefEq] [0.661131] ❌️ (comap
                                                                                      Prod.fst
                                                                                      (𝓝
                                                                                        (correlationAlongExhaustion
                                                                                          (latticeGraph d)
                                                                                          (cubicExhaustion d)
                                                                                          { J := J, h := 0, β := β }
                                                                                          {x, z}
                                                                                          n))).sets =?= (comap Prod.fst
                                                                                      (𝓝 (?m.949 β))).sets
                                                                            [Meta.isDefEq] [1.289082] ❌️ Set.instMembership.1
                                                                                  (comap Prod.fst
                                                                                      (𝓝
                                                                                        (correlationAlongExhaustion
                                                                                          (latticeGraph d)
                                                                                          (cubicExhaustion d)
                                                                                          { J := J, h := 0, β := β }
                                                                                          {x, z} n))).sets
                                                                                  a =?= Set.instMembership.1
                                                                                  (comap Prod.fst (𝓝 (?m.949 β))).sets a
                                                                              [Meta.isDefEq] [1.289076] ❌️ (comap
                                                                                          Prod.fst
                                                                                          (𝓝
                                                                                            (correlationAlongExhaustion
                                                                                              (latticeGraph d)
                                                                                              (cubicExhaustion d)
                                                                                              { J := J, h := 0, β := β }
                                                                                              {x, z} n))).sets.Mem
                                                                                    a =?= (comap Prod.fst
                                                                                          (𝓝 (?m.949 β))).sets.Mem
                                                                                    a
                                                                                [Meta.isDefEq.delta] [0.663817] ❌️ (comap
                                                                                            Prod.fst
                                                                                            (𝓝
                                                                                              (correlationAlongExhaustion
                                                                                                (latticeGraph d)
                                                                                                (cubicExhaustion d)
                                                                                                { J := J, h := 0,
                                                                                                  β := β }
                                                                                                {x, z} n))).sets.Mem
                                                                                      a =?= (comap Prod.fst
                                                                                            (𝓝 (?m.949 β))).sets.Mem
                                                                                      a
                                                                                  [Meta.isDefEq] [0.663805] ❌️ (comap
                                                                                          Prod.fst
                                                                                          (𝓝
                                                                                            (correlationAlongExhaustion
                                                                                              (latticeGraph d)
                                                                                              (cubicExhaustion d)
                                                                                              { J := J, h := 0, β := β }
                                                                                              {x, z}
                                                                                              n))).sets =?= (comap
                                                                                          Prod.fst (𝓝 (?m.949 β))).sets
                                                                                [Meta.isDefEq] [0.625243] ❌️ (comap
                                                                                          Prod.fst
                                                                                          (𝓝
                                                                                            (correlationAlongExhaustion
                                                                                              (latticeGraph d)
                                                                                              (cubicExhaustion d)
                                                                                              { J := J, h := 0, β := β }
                                                                                              {x, z} n))).sets
                                                                                      a =?= (comap Prod.fst
                                                                                          (𝓝 (?m.949 β))).sets
                                                                                      a
                                                [Meta.isDefEq] [4.861020] ❌️ HasFDerivAtFilter (pseudoMassExt hα hpos)
                                                      (ContinuousLinearMap.toSpanSingleton ℝ
                                                        ((-2 * ↑(latticeDistance d x z) *
                                                                  Real.exp
                                                                    (-(pseudoMass hα hpos hcorr *
                                                                        ↑(latticeDistance d x z))) *
                                                                (1 +
                                                                  (pseudoMass hα hpos hcorr *
                                                                      ↑(latticeDistance d x z)) ^
                                                                    α) -
                                                              2 *
                                                                  Real.exp
                                                                    (-(pseudoMass hα hpos hcorr *
                                                                        ↑(latticeDistance d x z))) *
                                                                (↑α *
                                                                    (pseudoMass hα hpos hcorr *
                                                                        ↑(latticeDistance d x z)) ^
                                                                      (α - 1) *
                                                                  ↑(latticeDistance d x z))) /
                                                            (1 +
                                                                (pseudoMass hα hpos hcorr * ↑(latticeDistance d x z)) ^
                                                                  α) ^
                                                              2)⁻¹)
                                                      (𝓝
                                                          (correlationAlongExhaustion (latticeGraph d)
                                                            (cubicExhaustion d) { J := J, h := 0, β := β } {x, z} n) ×ˢ
                                                        pure
                                                          (correlationAlongExhaustion (latticeGraph d)
                                                            (cubicExhaustion d) { J := J, h := 0, β := β } {x, z}
                                                            n)) =?= HasFDerivAtFilter ?m.950
                                                      (ContinuousLinearMap.toSpanSingleton ?m.946 ?m.952)
                                                      (𝓝 (?m.949 β) ×ˢ pure (?m.949 β))
                                                  [Meta.isDefEq] [4.858698] ❌️ 𝓝
                                                          (correlationAlongExhaustion (latticeGraph d)
                                                            (cubicExhaustion d) { J := J, h := 0, β := β } {x, z} n) ×ˢ
                                                        pure
                                                          (correlationAlongExhaustion (latticeGraph d)
                                                            (cubicExhaustion d) { J := J, h := 0, β := β } {x, z}
                                                            n) =?= 𝓝 (?m.949 β) ×ˢ pure (?m.949 β)
                                                    [Meta.isDefEq] [4.828989] ❌️ instSProd.1
                                                          (𝓝
                                                            (correlationAlongExhaustion (latticeGraph d)
                                                              (cubicExhaustion d) { J := J, h := 0, β := β } {x, z} n))
                                                          (pure
                                                            (correlationAlongExhaustion (latticeGraph d)
                                                              (cubicExhaustion d) { J := J, h := 0, β := β } {x, z}
                                                              n)) =?= instSProd.1 (𝓝 (?m.949 β)) (pure (?m.949 β))
                                                      [Meta.isDefEq] [4.828981] ❌️ comap Prod.fst
                                                              (𝓝
                                                                (correlationAlongExhaustion (latticeGraph d)
                                                                  (cubicExhaustion d) { J := J, h := 0, β := β } {x, z}
                                                                  n)) ⊓
                                                            comap Prod.snd
                                                              (pure
                                                                (correlationAlongExhaustion (latticeGraph d)
                                                                  (cubicExhaustion d) { J := J, h := 0, β := β } {x, z}
                                                                  n)) =?= comap Prod.fst (𝓝 (?m.949 β)) ⊓
                                                            comap Prod.snd (pure (?m.949 β))
                                                        [Meta.isDefEq] [4.504199] ❌️ instInf.1
                                                              (comap Prod.fst
                                                                (𝓝
                                                                  (correlationAlongExhaustion (latticeGraph d)
                                                                    (cubicExhaustion d) { J := J, h := 0, β := β }
                                                                    {x, z} n)))
                                                              (comap Prod.snd
                                                                (pure
                                                                  (correlationAlongExhaustion (latticeGraph d)
                                                                    (cubicExhaustion d) { J := J, h := 0, β := β }
                                                                    {x, z}
                                                                    n))) =?= instInf.1 (comap Prod.fst (𝓝 (?m.949 β)))
                                                              (comap Prod.snd (pure (?m.949 β)))
                                                          [Meta.isDefEq] [4.504189] ❌️ {
                                                                sets :=
                                                                  {s |
                                                                    ∃
                                                                      a ∈
                                                                        comap Prod.fst
                                                                          (𝓝
                                                                            (correlationAlongExhaustion (latticeGraph d)
                                                                              (cubicExhaustion d)
                                                                              { J := J, h := 0, β := β } {x, z} n)),
                                                                      ∃
                                                                        b ∈
                                                                          comap Prod.snd
                                                                            (pure
                                                                              (correlationAlongExhaustion
                                                                                (latticeGraph d) (cubicExhaustion d)
                                                                                { J := J, h := 0, β := β } {x, z} n)),
                                                                        s = a ∩ b},
                                                                univ_sets := ⋯, sets_of_superset := ⋯,
                                                                inter_sets :=
                                                                  ⋯ } =?= {
                                                                sets :=
                                                                  {s |
                                                                    ∃ a ∈ comap Prod.fst (𝓝 (?m.949 β)),
                                                                      ∃ b ∈ comap Prod.snd (pure (?m.949 β)),
                                                                        s = a ∩ b},
                                                                univ_sets := ⋯, sets_of_superset := ⋯, inter_sets := ⋯ }
                                                            [Meta.isDefEq] [4.504155] ❌️ {s |
                                                                  ∃
                                                                    a ∈
                                                                      comap Prod.fst
                                                                        (𝓝
                                                                          (correlationAlongExhaustion (latticeGraph d)
                                                                            (cubicExhaustion d)
                                                                            { J := J, h := 0, β := β } {x, z} n)),
                                                                    ∃
                                                                      b ∈
                                                                        comap Prod.snd
                                                                          (pure
                                                                            (correlationAlongExhaustion (latticeGraph d)
                                                                              (cubicExhaustion d)
                                                                              { J := J, h := 0, β := β } {x, z} n)),
                                                                      s =
                                                                        a ∩
                                                                          b} =?= {s |
                                                                  ∃ a ∈ comap Prod.fst (𝓝 (?m.949 β)),
                                                                    ∃ b ∈ comap Prod.snd (pure (?m.949 β)), s = a ∩ b}
                                                              [Meta.isDefEq.delta] [2.254574] ❌️ {s |
                                                                    ∃
                                                                      a ∈
                                                                        comap Prod.fst
                                                                          (𝓝
                                                                            (correlationAlongExhaustion (latticeGraph d)
                                                                              (cubicExhaustion d)
                                                                              { J := J, h := 0, β := β } {x, z} n)),
                                                                      ∃
                                                                        b ∈
                                                                          comap Prod.snd
                                                                            (pure
                                                                              (correlationAlongExhaustion
                                                                                (latticeGraph d) (cubicExhaustion d)
                                                                                { J := J, h := 0, β := β } {x, z} n)),
                                                                        s =
                                                                          a ∩
                                                                            b} =?= {s |
                                                                    ∃ a ∈ comap Prod.fst (𝓝 (?m.949 β)),
                                                                      ∃ b ∈ comap Prod.snd (pure (?m.949 β)), s = a ∩ b}
                                                                [Meta.isDefEq] [2.254572] ❌️ fun s =>
                                                                      ∃
                                                                        a ∈
                                                                          comap Prod.fst
                                                                            (𝓝
                                                                              (correlationAlongExhaustion
                                                                                (latticeGraph d) (cubicExhaustion d)
                                                                                { J := J, h := 0, β := β } {x, z} n)),
                                                                        ∃
                                                                          b ∈
                                                                            comap Prod.snd
                                                                              (pure
                                                                                (correlationAlongExhaustion
                                                                                  (latticeGraph d) (cubicExhaustion d)
                                                                                  { J := J, h := 0, β := β } {x, z} n)),
                                                                          s =
                                                                            a ∩
                                                                              b =?= fun s =>
                                                                      ∃ a ∈ comap Prod.fst (𝓝 (?m.949 β)),
                                                                        ∃ b ∈ comap Prod.snd (pure (?m.949 β)),
                                                                          s = a ∩ b
                                                                  [Meta.isDefEq] [2.254562] ❌️ ∃
                                                                        a ∈
                                                                          comap Prod.fst
                                                                            (𝓝
                                                                              (correlationAlongExhaustion
                                                                                (latticeGraph d) (cubicExhaustion d)
                                                                                { J := J, h := 0, β := β } {x, z} n)),
                                                                        ∃
                                                                          b ∈
                                                                            comap Prod.snd
                                                                              (pure
                                                                                (correlationAlongExhaustion
                                                                                  (latticeGraph d) (cubicExhaustion d)
                                                                                  { J := J, h := 0, β := β } {x, z} n)),
                                                                          s =
                                                                            a ∩
                                                                              b =?= ∃ a ∈ comap Prod.fst (𝓝 (?m.949 β)),
                                                                        ∃ b ∈ comap Prod.snd (pure (?m.949 β)),
                                                                          s = a ∩ b
                                                                    [Meta.isDefEq] [2.254548] ❌️ fun a =>
                                                                          a ∈
                                                                              comap Prod.fst
                                                                                (𝓝
                                                                                  (correlationAlongExhaustion
                                                                                    (latticeGraph d) (cubicExhaustion d)
                                                                                    { J := J, h := 0, β := β } {x, z}
                                                                                    n)) ∧
                                                                            ∃
                                                                              b ∈
                                                                                comap Prod.snd
                                                                                  (pure
                                                                                    (correlationAlongExhaustion
                                                                                      (latticeGraph d)
                                                                                      (cubicExhaustion d)
                                                                                      { J := J, h := 0, β := β } {x, z}
                                                                                      n)),
                                                                              s =
                                                                                a ∩
                                                                                  b =?= fun a =>
                                                                          a ∈ comap Prod.fst (𝓝 (?m.949 β)) ∧
                                                                            ∃ b ∈ comap Prod.snd (pure (?m.949 β)),
                                                                              s = a ∩ b
                                                                      [Meta.isDefEq] [2.254542] ❌️ a ∈
                                                                              comap Prod.fst
                                                                                (𝓝
                                                                                  (correlationAlongExhaustion
                                                                                    (latticeGraph d) (cubicExhaustion d)
                                                                                    { J := J, h := 0, β := β } {x, z}
                                                                                    n)) ∧
                                                                            ∃
                                                                              b ∈
                                                                                comap Prod.snd
                                                                                  (pure
                                                                                    (correlationAlongExhaustion
                                                                                      (latticeGraph d)
                                                                                      (cubicExhaustion d)
                                                                                      { J := J, h := 0, β := β } {x, z}
                                                                                      n)),
                                                                              s =
                                                                                a ∩
                                                                                  b =?= a ∈
                                                                              comap Prod.fst (𝓝 (?m.949 β)) ∧
                                                                            ∃ b ∈ comap Prod.snd (pure (?m.949 β)),
                                                                              s = a ∩ b
                                                                        [Meta.isDefEq] [2.254527] ❌️ a ∈
                                                                              comap Prod.fst
                                                                                (𝓝
                                                                                  (correlationAlongExhaustion
                                                                                    (latticeGraph d) (cubicExhaustion d)
                                                                                    { J := J, h := 0, β := β } {x, z}
                                                                                    n)) =?= a ∈
                                                                              comap Prod.fst (𝓝 (?m.949 β))
                                                                          [Meta.isDefEq] [1.927458] ❌️ instMembership.1
                                                                                (comap Prod.fst
                                                                                  (𝓝
                                                                                    (correlationAlongExhaustion
                                                                                      (latticeGraph d)
                                                                                      (cubicExhaustion d)
                                                                                      { J := J, h := 0, β := β } {x, z}
                                                                                      n)))
                                                                                a =?= instMembership.1
                                                                                (comap Prod.fst (𝓝 (?m.949 β))) a
                                                                            [Meta.isDefEq] [1.927449] ❌️ a ∈
                                                                                  (comap Prod.fst
                                                                                      (𝓝
                                                                                        (correlationAlongExhaustion
                                                                                          (latticeGraph d)
                                                                                          (cubicExhaustion d)
                                                                                          { J := J, h := 0, β := β }
                                                                                          {x, z}
                                                                                          n))).sets =?= a ∈
                                                                                  (comap Prod.fst (𝓝 (?m.949 β))).sets
                                                                              [Meta.isDefEq.delta] [0.655020] ❌️ a ∈
                                                                                    (comap Prod.fst
                                                                                        (𝓝
                                                                                          (correlationAlongExhaustion
                                                                                            (latticeGraph d)
                                                                                            (cubicExhaustion d)
                                                                                            { J := J, h := 0, β := β }
                                                                                            {x, z}
                                                                                            n))).sets =?= a ∈
                                                                                    (comap Prod.fst (𝓝 (?m.949 β))).sets
                                                                                [Meta.isDefEq] [0.655007] ❌️ (comap
                                                                                        Prod.fst
                                                                                        (𝓝
                                                                                          (correlationAlongExhaustion
                                                                                            (latticeGraph d)
                                                                                            (cubicExhaustion d)
                                                                                            { J := J, h := 0, β := β }
                                                                                            {x, z}
                                                                                            n))).sets =?= (comap
                                                                                        Prod.fst (𝓝 (?m.949 β))).sets
                                                                              [Meta.isDefEq] [1.272410] ❌️ Set.instMembership.1
                                                                                    (comap Prod.fst
                                                                                        (𝓝
                                                                                          (correlationAlongExhaustion
                                                                                            (latticeGraph d)
                                                                                            (cubicExhaustion d)
                                                                                            { J := J, h := 0, β := β }
                                                                                            {x, z} n))).sets
                                                                                    a =?= Set.instMembership.1
                                                                                    (comap Prod.fst (𝓝 (?m.949 β))).sets
                                                                                    a
                                                                                [Meta.isDefEq] [1.272404] ❌️ (comap
                                                                                            Prod.fst
                                                                                            (𝓝
                                                                                              (correlationAlongExhaustion
                                                                                                (latticeGraph d)
                                                                                                (cubicExhaustion d)
                                                                                                { J := J, h := 0,
                                                                                                  β := β }
                                                                                                {x, z} n))).sets.Mem
                                                                                      a =?= (comap Prod.fst
                                                                                            (𝓝 (?m.949 β))).sets.Mem
                                                                                      a
                                                                                  [Meta.isDefEq.delta] [0.654070] ❌️ (comap
                                                                                              Prod.fst
                                                                                              (𝓝
                                                                                                (correlationAlongExhaustion
                                                                                                  (latticeGraph d)
                                                                                                  (cubicExhaustion d)
                                                                                                  { J := J, h := 0,
                                                                                                    β := β }
                                                                                                  {x, z} n))).sets.Mem
                                                                                        a =?= (comap Prod.fst
                                                                                              (𝓝 (?m.949 β))).sets.Mem
                                                                                        a
                                                                                    [Meta.isDefEq] [0.654059] ❌️ (comap
                                                                                            Prod.fst
                                                                                            (𝓝
                                                                                              (correlationAlongExhaustion
                                                                                                (latticeGraph d)
                                                                                                (cubicExhaustion d)
                                                                                                { J := J, h := 0,
                                                                                                  β := β }
                                                                                                {x, z}
                                                                                                n))).sets =?= (comap
                                                                                            Prod.fst
                                                                                            (𝓝 (?m.949 β))).sets
                                                                                  [Meta.isDefEq] [0.618319] ❌️ (comap
                                                                                            Prod.fst
                                                                                            (𝓝
                                                                                              (correlationAlongExhaustion
                                                                                                (latticeGraph d)
                                                                                                (cubicExhaustion d)
                                                                                                { J := J, h := 0,
                                                                                                  β := β }
                                                                                                {x, z} n))).sets
                                                                                        a =?= (comap Prod.fst
                                                                                            (𝓝 (?m.949 β))).sets
                                                                                        a
                                                              [Meta.isDefEq] [2.249563] ❌️ fun s =>
                                                                    ∃
                                                                      a ∈
                                                                        comap Prod.fst
                                                                          (𝓝
                                                                            (correlationAlongExhaustion (latticeGraph d)
                                                                              (cubicExhaustion d)
                                                                              { J := J, h := 0, β := β } {x, z} n)),
                                                                      ∃
                                                                        b ∈
                                                                          comap Prod.snd
                                                                            (pure
                                                                              (correlationAlongExhaustion
                                                                                (latticeGraph d) (cubicExhaustion d)
                                                                                { J := J, h := 0, β := β } {x, z} n)),
                                                                        s =
                                                                          a ∩
                                                                            b =?= fun s =>
                                                                    ∃ a ∈ comap Prod.fst (𝓝 (?m.949 β)),
                                                                      ∃ b ∈ comap Prod.snd (pure (?m.949 β)), s = a ∩ b
                                                                [Meta.isDefEq] [2.249553] ❌️ ∃
                                                                      a ∈
                                                                        comap Prod.fst
                                                                          (𝓝
                                                                            (correlationAlongExhaustion (latticeGraph d)
                                                                              (cubicExhaustion d)
                                                                              { J := J, h := 0, β := β } {x, z} n)),
                                                                      ∃
                                                                        b ∈
                                                                          comap Prod.snd
                                                                            (pure
                                                                              (correlationAlongExhaustion
                                                                                (latticeGraph d) (cubicExhaustion d)
                                                                                { J := J, h := 0, β := β } {x, z} n)),
                                                                        s =
                                                                          a ∩
                                                                            b =?= ∃ a ∈ comap Prod.fst (𝓝 (?m.949 β)),
                                                                      ∃ b ∈ comap Prod.snd (pure (?m.949 β)), s = a ∩ b
                                                                  [Meta.isDefEq] [2.249521] ❌️ fun a =>
                                                                        a ∈
                                                                            comap Prod.fst
                                                                              (𝓝
                                                                                (correlationAlongExhaustion
                                                                                  (latticeGraph d) (cubicExhaustion d)
                                                                                  { J := J, h := 0, β := β } {x, z}
                                                                                  n)) ∧
                                                                          ∃
                                                                            b ∈
                                                                              comap Prod.snd
                                                                                (pure
                                                                                  (correlationAlongExhaustion
                                                                                    (latticeGraph d) (cubicExhaustion d)
                                                                                    { J := J, h := 0, β := β } {x, z}
                                                                                    n)),
                                                                            s =
                                                                              a ∩
                                                                                b =?= fun a =>
                                                                        a ∈ comap Prod.fst (𝓝 (?m.949 β)) ∧
                                                                          ∃ b ∈ comap Prod.snd (pure (?m.949 β)),
                                                                            s = a ∩ b
                                                                    [Meta.isDefEq] [2.249514] ❌️ a ∈
                                                                            comap Prod.fst
                                                                              (𝓝
                                                                                (correlationAlongExhaustion
                                                                                  (latticeGraph d) (cubicExhaustion d)
                                                                                  { J := J, h := 0, β := β } {x, z}
                                                                                  n)) ∧
                                                                          ∃
                                                                            b ∈
                                                                              comap Prod.snd
                                                                                (pure
                                                                                  (correlationAlongExhaustion
                                                                                    (latticeGraph d) (cubicExhaustion d)
                                                                                    { J := J, h := 0, β := β } {x, z}
                                                                                    n)),
                                                                            s =
                                                                              a ∩
                                                                                b =?= a ∈
                                                                            comap Prod.fst (𝓝 (?m.949 β)) ∧
                                                                          ∃ b ∈ comap Prod.snd (pure (?m.949 β)),
                                                                            s = a ∩ b
                                                                      [Meta.isDefEq] [2.249496] ❌️ a ∈
                                                                            comap Prod.fst
                                                                              (𝓝
                                                                                (correlationAlongExhaustion
                                                                                  (latticeGraph d) (cubicExhaustion d)
                                                                                  { J := J, h := 0, β := β } {x, z}
                                                                                  n)) =?= a ∈
                                                                            comap Prod.fst (𝓝 (?m.949 β))
                                                                        [Meta.isDefEq] [1.925131] ❌️ instMembership.1
                                                                              (comap Prod.fst
                                                                                (𝓝
                                                                                  (correlationAlongExhaustion
                                                                                    (latticeGraph d) (cubicExhaustion d)
                                                                                    { J := J, h := 0, β := β } {x, z}
                                                                                    n)))
                                                                              a =?= instMembership.1
                                                                              (comap Prod.fst (𝓝 (?m.949 β))) a
                                                                          [Meta.isDefEq] [1.925124] ❌️ a ∈
                                                                                (comap Prod.fst
                                                                                    (𝓝
                                                                                      (correlationAlongExhaustion
                                                                                        (latticeGraph d)
                                                                                        (cubicExhaustion d)
                                                                                        { J := J, h := 0, β := β }
                                                                                        {x, z}
                                                                                        n))).sets =?= a ∈
                                                                                (comap Prod.fst (𝓝 (?m.949 β))).sets
                                                                            [Meta.isDefEq.delta] [0.647272] ❌️ a ∈
                                                                                  (comap Prod.fst
                                                                                      (𝓝
                                                                                        (correlationAlongExhaustion
                                                                                          (latticeGraph d)
                                                                                          (cubicExhaustion d)
                                                                                          { J := J, h := 0, β := β }
                                                                                          {x, z}
                                                                                          n))).sets =?= a ∈
                                                                                  (comap Prod.fst (𝓝 (?m.949 β))).sets
                                                                              [Meta.isDefEq] [0.647259] ❌️ (comap
                                                                                      Prod.fst
                                                                                      (𝓝
                                                                                        (correlationAlongExhaustion
                                                                                          (latticeGraph d)
                                                                                          (cubicExhaustion d)
                                                                                          { J := J, h := 0, β := β }
                                                                                          {x, z}
                                                                                          n))).sets =?= (comap Prod.fst
                                                                                      (𝓝 (?m.949 β))).sets
                                                                            [Meta.isDefEq] [1.277836] ❌️ Set.instMembership.1
                                                                                  (comap Prod.fst
                                                                                      (𝓝
                                                                                        (correlationAlongExhaustion
                                                                                          (latticeGraph d)
                                                                                          (cubicExhaustion d)
                                                                                          { J := J, h := 0, β := β }
                                                                                          {x, z} n))).sets
                                                                                  a =?= Set.instMembership.1
                                                                                  (comap Prod.fst (𝓝 (?m.949 β))).sets a
                                                                              [Meta.isDefEq] [1.277828] ❌️ (comap
                                                                                          Prod.fst
                                                                                          (𝓝
                                                                                            (correlationAlongExhaustion
                                                                                              (latticeGraph d)
                                                                                              (cubicExhaustion d)
                                                                                              { J := J, h := 0, β := β }
                                                                                              {x, z} n))).sets.Mem
                                                                                    a =?= (comap Prod.fst
                                                                                          (𝓝 (?m.949 β))).sets.Mem
                                                                                    a
                                                                                [Meta.isDefEq.delta] [0.650137] ❌️ (comap
                                                                                            Prod.fst
                                                                                            (𝓝
                                                                                              (correlationAlongExhaustion
                                                                                                (latticeGraph d)
                                                                                                (cubicExhaustion d)
                                                                                                { J := J, h := 0,
                                                                                                  β := β }
                                                                                                {x, z} n))).sets.Mem
                                                                                      a =?= (comap Prod.fst
                                                                                            (𝓝 (?m.949 β))).sets.Mem
                                                                                      a
                                                                                  [Meta.isDefEq] [0.650124] ❌️ (comap
                                                                                          Prod.fst
                                                                                          (𝓝
                                                                                            (correlationAlongExhaustion
                                                                                              (latticeGraph d)
                                                                                              (cubicExhaustion d)
                                                                                              { J := J, h := 0, β := β }
                                                                                              {x, z}
                                                                                              n))).sets =?= (comap
                                                                                          Prod.fst (𝓝 (?m.949 β))).sets
                                                                                [Meta.isDefEq] [0.627673] ❌️ (comap
                                                                                          Prod.fst
                                                                                          (𝓝
                                                                                            (correlationAlongExhaustion
                                                                                              (latticeGraph d)
                                                                                              (cubicExhaustion d)
                                                                                              { J := J, h := 0, β := β }
                                                                                              {x, z} n))).sets
                                                                                      a =?= (comap Prod.fst
                                                                                          (𝓝 (?m.949 β))).sets
                                                                                      a
